/*
Navicat MySQL Data Transfer

Source Server         : 127.0.0.1
Source Server Version : 50720
Source Host           : 127.0.0.1:3306
Source Database       : wx_mall

Target Server Type    : MYSQL
Target Server Version : 50720
File Encoding         : 65001

Date: 2022-05-24 11:07:15
*/

SET FOREIGN_KEY_CHECKS=0;

-- ----------------------------
-- Table structure for addr
-- ----------------------------
DROP TABLE IF EXISTS `addr`;
CREATE TABLE `addr` (
  `id` int(11) NOT NULL AUTO_INCREMENT,
  `consignee` varchar(255) DEFAULT NULL,
  `phone` varchar(255) DEFAULT NULL,
  `address` varchar(255) DEFAULT NULL,
  `name` varchar(255) DEFAULT NULL,
  `user_id` int(11) DEFAULT NULL,
  PRIMARY KEY (`id`)
) ENGINE=InnoDB AUTO_INCREMENT=4 DEFAULT CHARSET=utf8 COMMENT='地址';

-- ----------------------------
-- Records of addr
-- ----------------------------
INSERT INTO `addr` VALUES ('1', '安德夫', '123456', '山东省青岛市城阳区正阳中路205号', '海都国际A座', '1');
INSERT INTO `addr` VALUES ('2', 'iian', '435125533', '山东省青岛市城阳区明阳路337号(移动营业厅旁)', '盈园广场', '1');
INSERT INTO `addr` VALUES ('3', '远方的朋友', '0123456789', '北京市东城区毛家湾胡同甲13号', '北京站', '1209');

-- ----------------------------
-- Table structure for admin
-- ----------------------------
DROP TABLE IF EXISTS `admin`;
CREATE TABLE `admin` (
  `id` int(11) NOT NULL AUTO_INCREMENT,
  `username` varchar(255) DEFAULT NULL,
  `password` varchar(255) DEFAULT NULL,
  `head_portrait` varchar(255) DEFAULT NULL,
  PRIMARY KEY (`id`)
) ENGINE=InnoDB AUTO_INCREMENT=5 DEFAULT CHARSET=utf8 COMMENT='管理员';

-- ----------------------------
-- Records of admin
-- ----------------------------
INSERT INTO `admin` VALUES ('1', '星月永相随', 'ICy5YqxZB1uWSwcVLSNLcA==', 'https://pic.imgdb.cn/item/6263fbb1239250f7c52381cf.jpg');
INSERT INTO `admin` VALUES ('3', '整活boy', 'ICy5YqxZB1uWSwcVLSNLcA==', 'https://gimg2.baidu.com/image_search/src=http%3A%2F%2Fwx2.sinaimg.cn%2Flarge%2Fceeb653ely8grx8zd4kh3g206o06oq6g.gif&refer=http%3A%2F%2Fwx2.sinaimg.cn&app=2002&size=f9999,10000&q=a80&n=0&g=0n&fmt=auto?sec=1654431534&t=8c92e3bc22593f97cf5a9eee23139ae2');
INSERT INTO `admin` VALUES ('4', '管理员001', 'ICy5YqxZB1uWSwcVLSNLcA==', 'https://gimg2.baidu.com/image_search/src=http%3A%2F%2Fpic.qqtn.com%2Fup%2F2017-10%2F15079519639331862.jpg&refer=http%3A%2F%2Fpic.qqtn.com&app=2002&size=f9999,10000&q=a80&n=0&g=0n&fmt=auto?sec=1655105822&t=e4d05752879c4d68df07b9760a9bfef8');

-- ----------------------------
-- Table structure for cart
-- ----------------------------
DROP TABLE IF EXISTS `cart`;
CREATE TABLE `cart` (
  `id` int(11) NOT NULL AUTO_INCREMENT,
  `user_id` int(11) DEFAULT NULL,
  `goods_id` int(11) DEFAULT NULL,
  `addr_id` int(11) DEFAULT NULL,
  `count` int(11) DEFAULT '1',
  `state` int(11) DEFAULT '0',
  PRIMARY KEY (`id`)
) ENGINE=InnoDB AUTO_INCREMENT=14 DEFAULT CHARSET=utf8 COMMENT='购物车';

-- ----------------------------
-- Records of cart
-- ----------------------------
INSERT INTO `cart` VALUES ('3', '1', '1', '1', '2', '1');
INSERT INTO `cart` VALUES ('4', '1', '5', '1', '2', '1');
INSERT INTO `cart` VALUES ('5', '1', '4', '1', '1', '1');
INSERT INTO `cart` VALUES ('8', '1', '4', '1', '1', '1');
INSERT INTO `cart` VALUES ('9', '1209', '4', '3', '2', '1');
INSERT INTO `cart` VALUES ('10', '1209', '10', '3', '1', '1');
INSERT INTO `cart` VALUES ('11', '1209', '14', '3', '1', '1');
INSERT INTO `cart` VALUES ('12', '1209', '1', '3', '1', '1');
INSERT INTO `cart` VALUES ('13', '1209', '1', '3', '1', '1');

-- ----------------------------
-- Table structure for category
-- ----------------------------
DROP TABLE IF EXISTS `category`;
CREATE TABLE `category` (
  `id` int(11) NOT NULL AUTO_INCREMENT,
  `name` varchar(255) DEFAULT NULL,
  `picture` varchar(255) DEFAULT NULL,
  PRIMARY KEY (`id`)
) ENGINE=InnoDB AUTO_INCREMENT=82 DEFAULT CHARSET=utf8 COMMENT='商品分类';

-- ----------------------------
-- Records of category
-- ----------------------------
INSERT INTO `category` VALUES ('15', '华为专区', 'https://gss0.baidu.com/7LsWdDW5_xN3otqbppnN2DJv/forum/pic/item/b219ebc4b74543a9ca98be1f5b178a82b8011465.jpg');
INSERT INTO `category` VALUES ('51', '戴尔', 'https://pic.imgdb.cn/item/62806f10094754312924dd40.png');
INSERT INTO `category` VALUES ('54', '宠物', 'https://img2.baidu.com/it/u=3581164516,3880374104&fm=253&fmt=auto&app=138&f=JPEG?w=551&h=500');
INSERT INTO `category` VALUES ('62', '石头电器', 'https://pic.imgdb.cn/item/62806e63094754312922974f.png');
INSERT INTO `category` VALUES ('81', '零食', 'https://img.alicdn.com/imgextra/i4/725677994/O1CN01gNl0Sb28vIoVNbT5I_!!725677994-0-sm.jpg_430x430q90.jpg');

-- ----------------------------
-- Table structure for goods
-- ----------------------------
DROP TABLE IF EXISTS `goods`;
CREATE TABLE `goods` (
  `id` int(11) NOT NULL AUTO_INCREMENT,
  `category_id` int(11) DEFAULT NULL,
  `name` varchar(255) DEFAULT NULL COMMENT '商品名',
  `price` decimal(10,0) DEFAULT NULL COMMENT '金额',
  `count` int(11) DEFAULT NULL,
  `introduce` text,
  `recommend` int(255) DEFAULT NULL,
  `state` int(255) DEFAULT NULL,
  `cart_id` int(11) DEFAULT NULL,
  PRIMARY KEY (`id`)
) ENGINE=InnoDB AUTO_INCREMENT=18 DEFAULT CHARSET=utf8 COMMENT='商品';

-- ----------------------------
-- Records of goods
-- ----------------------------
INSERT INTO `goods` VALUES ('1', '51', '游匣G15', '6599', '496', '游匣 G15 游戏本标配 i7-12700H 处理器，14 核 20 线程，最高 4.7GHz；显卡为 RTX 3060，最高 130W 性能释放，支独显直连；搭载 16GB DDR5 内存 + 512GB SSD。\n       2022年2月17日0点，戴尔游匣 G15 游戏本正式开卖。 2022年4月，据戴尔官方消息，2022 款锐龙版游匣 G15 游戏本现已推出，配置最高可选 R7 6800H + RTX 3070Ti，屏幕最高可选 2K 240Hz 屏。\n       新款游匣 G15 搭载了雷电 4、HDMI 2.1、RJ45 网口、USB-3.2 等接口。\n       戴尔现已上架新款游匣 G15 游戏本，搭载 12 代酷睿处理器和 RTX 30 系列显卡，最高可选 2K 240Hz 屏。', null, '1', null);
INSERT INTO `goods` VALUES ('3', '15', 'Mate Xs 2', '9999', '1000', 'HUAWEI Mate Xs 2采用外折形式，侧面采用环绕线性设计，机身采用玻璃纤维，结构中采用航空级钛合金和重量轻、强度高的钢等创新材质； [7]  屏幕采用右上角打孔的设计，开孔为椭圆形，折叠的内层采用了类似皮革纹理的处理，外侧边框则容纳了所有的接口和按键，三颗后摄外加闪光灯、麦克风开孔依次排列，底部则是折叠卡扣的按钮。\n       HUAWEI Mate Xs 2屏幕展开态为7.8英寸，折叠态为6.5英寸；长度约为156.5毫米，折叠态宽度约75.3毫米，厚度约11.1毫米，展开态宽度约139.3毫米，厚度约5.4毫米至11.1毫米，重量约为255克；配有锦白、雅黑、霜紫三种颜色。\n        HUAWEI Mate Xs 2搭载骁龙888 4G处理器；前置1070万像素超广角摄像头，后置5000万像素原色摄像头+1300万像素超广角摄像头+800万像素长焦摄像头；内置4600毫安时容量电池。', '1', '0', null);
INSERT INTO `goods` VALUES ('4', '15', '华为路由器AX6', '599', '96', '华为路由AX6支持华为WiFi 6+技术，最高无线速率高达7200Mbps，设有8颗高性能信号放大器，能够轻松覆盖120平米左右的户型。\n       2022年5月13日消息，华为上个月推出了两款路由器 —— 华为路由 AX6 及 Q6 网线版。前者是普通家用路由产品，预售 549 元 ；后者是华为专门为大户型设计的产品，采用子母路由组合，1 母 3 子套装价 1699 元，新品将于今上午 10:08 正式开售。', '1', '1', null);
INSERT INTO `goods` VALUES ('5', '15', 'P50 Pro', '5488', '198', '搭载 6.6 英寸曲面屏，分辨率 2700×1228，支持 120Hz 刷新率、300Hz 触控采样率、1440Hz PWM 调光。内置 4360mAh 电池，支持 66W 有线 + 50W 无线快充，IP68 防水、双扬声器。\n       配备 XD Optics 计算光学技术，具备 1300万像素广角前摄，以及由5000万像素原色摄像头+4000万像素原色黑白摄像头+1300万像素超广角摄像头+ 6400万像素长焦摄像头组成的后置四摄模组。', '1', '1', null);
INSERT INTO `goods` VALUES ('6', '51', '灵越14/15 Pro', '4599', '1000', '8GB（4GB×2）/512GB/不支持触控/1920x1080/FHD，LED背光，防眩光屏，IPS屏，窄边框屏/AMD Radeon Vega 8 Graphics/全尺寸防泼溅键盘/铂金银。\n       FHD，LED背光，防眩光屏，IPS屏，窄边框屏，内置音效芯片，Waves MaxxAudio Pro。轻薄笔记本，影音娱乐本。', '1', '1', null);
INSERT INTO `goods` VALUES ('7', '51', 'U2422HX', '2099', '80', '戴尔（DELL）U2422HX 23.8英寸 IPS Type-C 影院级显色 防蓝光屏 旋转升降支架 四边微边框 电脑显示器到手价格1699元。\n       颜色细腻，真2k，安装方便，使用起来也很简单，摇杆就行。上手非常容易，用上hdr后画面更好看了，总体很满意。全新的，效果非常不错。使用4K的60fps，效果卓群，不过Macbook带不起来了。外形外观：外观没得说，高大上！尺寸大小：尺寸相当合适，肩颈在也不酸了显色效果：显色一级棒。', '1', '1', null);
INSERT INTO `goods` VALUES ('8', '51', 'KM117', '279', '57', '戴尔KM117键盘的外观相对来说，比较简洁大方，同时键盘比较轻巧，非常适合携带，做工方面都还是不错的。\n       无线连接的信号范围比较广，10米范围内连接很稳定，而且电池续航时间很长，保证了在外长时间使用连接的稳定性。', '1', '1', null);
INSERT INTO `goods` VALUES ('9', '54', '德文卷毛猫', '6999', '50', '德文卷毛猫很顽皮、像淘气的小精灵。它高兴时会像狗一样摇尾巴，由于它有这种习惯，加上它的被毛弯曲，所以它赢得了“卷毛狗”猫的别名。它自懂得四脚站立开始，便喜欢亲近人类。它是各个品种中最喜欢与人类接触及交朋友的品种之一。它活泼近人的性格与及其易于打理的皮毛，绝对是一只理想的家庭猫。\n       德文卷毛猫的诞生来自一个独一无二的突变。他们的大眼睛、短口套、凸出的颧骨以及宽大而低位置的耳朵使他们看起来有独特的小精灵特征。德文卷毛猫拥有优秀的中型身躯，身上覆盖着柔软、卷曲又有特别手感的被毛。在德文卷毛猫上发生的突变，造就了德文卷毛猫的波浪毛发并没培育在其他品种中。德文卷毛猫是非常机灵且活泼的猫，并且对外界表现出充满活力的好奇心。\n       毛发特征：德文卷毛猫的另一特点是易于打理，洗澡后只要用毛巾轻抹或晒晒太阳即可。它的脱毛情况相当轻微，甚至不容易被发觉，适合一些对猫毛敏感的朋友。卷毛猫的皮毛近似贵宾犬，既便于梳理又不易因掉毛而引发主人的过敏反应。', '1', '1', null);
INSERT INTO `goods` VALUES ('10', '54', '柴犬', '3000', '599', '柴犬是体型中等并且又最古老的日本犬。柴犬能够应付陡峭的丘陵和山脉的斜坡，拥有灵敏的感官，使得柴犬屡次成为上乘的狩猎犬。柴犬性格活泼、好动。对自己喜欢的玩具、会一天到晚的把玩。其对外有极强警惕性，能为户主看家护院。其特别是对大型同类，并且不服输。草丛中的耗子、鸟都会是它的猎物及玩具。柴犬是日本国宝，常见的赤色柴犬价格都在6000元到30000元之间。\n       柴犬性情温顺，忠实，有服从性、忍耐，朴实而雅致，灵巧机敏，英勇大胆、亲切而富有感情，这些特点共同产生一种独特的天性。对陌生人有所保留，但对于得到它尊重的人则显得忠诚而挚爱。有时会攻击其他狗', '1', '1', null);
INSERT INTO `goods` VALUES ('11', '62', 'G10', '4799', '1500', 'G10是石头的首款自动洗拖布机器人，个人感觉试水的成分多些，有些像科沃斯的N9+，牺牲部分体验来换自动洗拖布的便利，避障技术自家的T7S Plus用的3D结构光Pro用的双目，G10却用的是红外避障，小物件避障水平一般。\n       G10基站整体用的黑白拼色设计，表面无按键，操作都在机器人上及APP中控制，外观很精致，大小不占地方。\n       清水桶和污水桶容量不算大（2.9L/2.5L），一般100㎡左右的全屋拖地两三天左右一换。基站内部设有滑动搓洗清洁的轨道，类似于云鲸j2和追觅w10的清洗肋，但是更加贴合G10半圆形拖布，洗拖布的效果还不错！', '1', '1', null);
INSERT INTO `goods` VALUES ('12', '62', '石头 H7M1A', '2999', '300', '去年 4 月份，石头科技推出了首款自有品牌手持吸尘器产品 H6，也宣告石头科技正式进军手持吸尘器市场。时隔一年时间，石头手持无线吸尘器 H7 也正式和我们见面，和前辈 H6 相比，H7 最大吸入功率提升至 160AW，升级了快充和尘桶容量，还带来了磁吸式刷头收纳等升级，实现了更优体验。\n       石头无线吸尘器 H7 的包装硕大，因为包装内还有丰富的刷头和落地充电支架等等配件，配件方面包括充电架、毛刷、软管、延长杆、铝管、地刷、充电架底座、缝隙吸头、床刷、电源适配器等等。\n       丰富的配件意味着有更丰富的工作场景，比如床底、桌底、车缝等，都可搭配毛刷吸头、缝隙清洁吸头使用，丰富的配件能够满足全面清洁需求。此外，这些刷头、延长杆等配件均采用了卡口设计，可一秒安装和拆卸，非常方便。', '1', '1', null);
INSERT INTO `goods` VALUES ('13', '62', 'T7S Plus', '5699', '500', '石头扫拖机器人T7S Plus获得2021红点设计大奖，拥有全球首创的智控升降式高频声波震动擦地模组“VibraRise”、清扫时能与地面更贴合的全向浮动胶刷、AI结构光Reactive 3D高精度避障、RR mason™ 8.0 3D 算法系统、无耗材自动集尘等功能。T7S Plus扫拖性能全面提升，拥有卓越表现，让家居地面清洁更省心。\n       T7S Plus 上，就采用了基于 3D 结构光的 AI 结构光技术，它融合了 3D 结构光精准测距和 AI 避障的两方面优势，包括 Reactive 3D 主动式测距和多传感器 AI 算法，不仅实现毫米级高精度避障，遇到家具更能精准测距，提前转向，从而避免了误撞乱撞。', '1', '1', null);
INSERT INTO `goods` VALUES ('14', '81', '百草味零食大礼包', '198', '999', '软糯香甜，香辣爽口，满**浆，唇齿留香，鲜香麻辣，干净卫生，容易储存，颗颗饱满，味道杠杠的，香脆可口，包装高端大气，值得回购', '1', '1', null);
INSERT INTO `goods` VALUES ('15', '81', '觅菓坚果仁罐装', '169', '200', '觅果的口感香脆，没有涩涩的感觉，每种坚果烘焙的火候都恰到好处，从第一次品尝后就喜欢上了他家的东东，此后一直在购买各个品种，包装严紧不会受潮，分量充足，保留了果仁的原香，没有过多的添加剂，很健康，很美味', '1', '1', null);
INSERT INTO `goods` VALUES ('16', '15', '华为手环7', '269', '3000', '基于TruSeen™ 4.0 硬件光路与智能节电算法,华为手环 7 支持血氧监测,低血氧状态自动震动提示,看护你的血氧状态。', '1', '1', null);
INSERT INTO `goods` VALUES ('17', '15', '华为智慧屏SE75', '4699', '700', '智慧屏S是华为的产品系列，配置平衡，价格合理。S75配备75英寸大屏幕，刷新率高达120Hz，运动补偿为120帧。在这两者的加持下，体育比赛、游戏和其他高速电影场景的运动清晰度得到了极大的提高。华为的运动补偿方案是自主研发的，其效果比同等价格的其他电视采用的公共版方案更准确。华为的自主开发优势也体现在系统体验上。智慧屏基于华为独有的cast screen投影协议，推出了“分布式模式”，可以以极低的延迟和均衡的负载与其他鸿蒙/hilink终端互连。', '1', '1', null);

-- ----------------------------
-- Table structure for goods_picture
-- ----------------------------
DROP TABLE IF EXISTS `goods_picture`;
CREATE TABLE `goods_picture` (
  `id` int(11) NOT NULL AUTO_INCREMENT,
  `picture` varchar(255) DEFAULT NULL,
  `goods_id` int(11) DEFAULT NULL,
  PRIMARY KEY (`id`)
) ENGINE=InnoDB AUTO_INCREMENT=86 DEFAULT CHARSET=utf8 COMMENT='商品图片';

-- ----------------------------
-- Records of goods_picture
-- ----------------------------
INSERT INTO `goods_picture` VALUES ('1', 'https://img.alicdn.com/imgextra/https://img.alicdn.com/imgextra/i3/379092568/O1CN01ZEXAF61UqBqfGztMA_!!379092568.jpg_430x430q90.jpg', '1');
INSERT INTO `goods_picture` VALUES ('2', 'https://img.alicdn.com/imgextra/https://img.alicdn.com/imgextra/i1/379092568/O1CN01VKgkPJ1UqBnsRqM0M_!!379092568.jpg_430x430q90.jpg', '1');
INSERT INTO `goods_picture` VALUES ('3', 'https://img.alicdn.com/imgextra/i1/2838892713/O1CN01zafFzQ1VubHQPtlWe_!!2838892713.jpg_430x430q90.jpg', '3');
INSERT INTO `goods_picture` VALUES ('9', 'https://img.alicdn.com/imgextra/i1/2838892713/O1CN015M1gak1VubHL648W5_!!2838892713.jpg_430x430q90.jpg', '3');
INSERT INTO `goods_picture` VALUES ('29', 'https://img.alicdn.com/imgextra/i4/2838892713/O1CN01nKvG1X1VubHWcSRXT_!!2838892713.jpg_430x430q90.jpg', '5');
INSERT INTO `goods_picture` VALUES ('30', 'https://img.alicdn.com/imgextra/i4/2838892713/O1CN01BEB2lS1VubHWTOrRn_!!2838892713.jpg_430x430q90.jpg', '4');
INSERT INTO `goods_picture` VALUES ('31', 'https://img.alicdn.com/imgextra/i3/2838892713/O1CN01reLefl1VubHIkLvSb_!!2838892713.jpg_430x430q90.jpg', '4');
INSERT INTO `goods_picture` VALUES ('33', 'https://img.alicdn.com/imgextra/https://img.alicdn.com/imgextra/i4/379092568/O1CN01JPnVeF1UqBnmxLRma_!!379092568.jpg_430x430q90.jpg', '1');
INSERT INTO `goods_picture` VALUES ('34', 'https://img.alicdn.com/imgextra/i2/2838892713/O1CN01n8zcxv1VubHPap1uX_!!2838892713.jpg_430x430q90.jpg', '4');
INSERT INTO `goods_picture` VALUES ('35', 'https://img.alicdn.com/imgextra/i3/2838892713/O1CN01MvdQ5d1VubGzwkDR8_!!2838892713.jpg_430x430q90.jpg', '5');
INSERT INTO `goods_picture` VALUES ('36', 'https://img.alicdn.com/imgextra/i1/2838892713/O1CN01dmIgMY1VubH8m03Ut_!!2838892713.jpg_430x430q90.jpg', '5');
INSERT INTO `goods_picture` VALUES ('37', 'https://img.alicdn.com/imgextra/https://img.alicdn.com/imgextra/i1/379092568/O1CN012lEOj81UqBqwKr63n_!!379092568.png_430x430q90.jpg', '6');
INSERT INTO `goods_picture` VALUES ('38', 'https://img.alicdn.com/imgextra/https://img.alicdn.com/imgextra/i2/379092568/O1CN01qbzqRT1UqBnutJO7V_!!379092568.jpg_430x430q90.jpg', '6');
INSERT INTO `goods_picture` VALUES ('39', 'https://img.alicdn.com/imgextra/https://img.alicdn.com/imgextra/i1/379092568/O1CN016M6TmS1UqBnn2CHI1_!!379092568.jpg_430x430q90.jpg', '6');
INSERT INTO `goods_picture` VALUES ('40', 'https://img.alicdn.com/imgextra/https://img.alicdn.com/imgextra/i3/379092568/O1CN01a4o7CV1UqBnutIaEU_!!379092568.jpg_430x430q90.jpg', '6');
INSERT INTO `goods_picture` VALUES ('41', 'https://img12.360buyimg.com/n12/s450x450_jfs/t1/215479/16/10499/331665/61da8094E0a5f7721/653b99dff56f5055.jpg', '7');
INSERT INTO `goods_picture` VALUES ('42', 'https://img12.360buyimg.com/n12/s450x450_jfs/t1/201140/4/1432/237843/611635f6E0a757396/9fdeb41ac11e6601.jpg', '7');
INSERT INTO `goods_picture` VALUES ('43', 'https://img12.360buyimg.com/n12/s450x450_jfs/t1/167110/27/16664/127108/606d4aceEd9b4eadb/fe225a24ac48c3c0.jpg', '7');
INSERT INTO `goods_picture` VALUES ('44', 'https://img12.360buyimg.com/n12/s450x450_jfs/t1/162629/29/16970/120224/606d4aceEc80e94ab/0ba6fd0fced5f6f3.jpg', '7');
INSERT INTO `goods_picture` VALUES ('45', 'https://img12.360buyimg.com/n12/s450x450_jfs/t1/179789/11/925/348196/60852f0cEfe56ed98/f32b88bba8b9ea3c.jpg', '7');
INSERT INTO `goods_picture` VALUES ('46', 'https://img.alicdn.com/imgextra/https://img.alicdn.com/imgextra/i4/379092568/O1CN01jK8jsH1UqBoBxanPt_!!379092568.jpg_430x430q90.jpg', '8');
INSERT INTO `goods_picture` VALUES ('47', 'https://img.alicdn.com/imgextra/https://img.alicdn.com/imgextra/i4/379092568/O1CN01p2UNGw1UqBn7pWBlZ_!!379092568.jpg_430x430q90.jpg', '8');
INSERT INTO `goods_picture` VALUES ('48', 'https://img.alicdn.com/imgextra/https://img.alicdn.com/imgextra/i2/379092568/O1CN01sTKwi21UqBoAQoiOt_!!379092568.jpg_430x430q90.jpg', '8');
INSERT INTO `goods_picture` VALUES ('49', 'https://gd3.alicdn.com/imgextra/i4/2207606227/O1CN01VdNNMn1vs0zEP7Wlp_!!2207606227.jpg_400x400.jpg', '9');
INSERT INTO `goods_picture` VALUES ('50', 'https://gd4.alicdn.com/imgextra/i4/2207606227/O1CN01pP63gY1vs0z6BUvsP_!!2207606227.jpg_400x400.jpg', '9');
INSERT INTO `goods_picture` VALUES ('51', 'https://img.alicdn.com/imgextra/i1/2572390255/O1CN01Vg5KVg1Dkpk6I67W9_!!2572390255.jpg_400x400.jpg', '10');
INSERT INTO `goods_picture` VALUES ('52', 'https://gd3.alicdn.com/imgextra/i3/2212797224440/O1CN01VUD56i1ifZGhUPKtH_!!2212797224440.jpg_400x400.jpg', '10');
INSERT INTO `goods_picture` VALUES ('53', 'https://gd2.alicdn.com/imgextra/i3/1758361215/O1CN01v1Dlje1KqVxhrk6HB_!!1758361215.jpg_400x400.jpg', '10');
INSERT INTO `goods_picture` VALUES ('54', 'https://pic.imgdb.cn/item/6280fd460947543129148797.png', '10');
INSERT INTO `goods_picture` VALUES ('55', 'https://img.alicdn.com/imgextra/https://img.alicdn.com/imgextra/i4/3371569905/O1CN01lhxa5A2N2XmmXlnhI_!!3371569905.jpg_430x430q90.jpg', '11');
INSERT INTO `goods_picture` VALUES ('56', 'https://img.alicdn.com/imgextra/https://img.alicdn.com/imgextra/i1/3371569905/O1CN018WZPbe2N2XkzL61D9_!!3371569905.png_430x430q90.jpg', '11');
INSERT INTO `goods_picture` VALUES ('57', 'https://img.alicdn.com/imgextra/https://img.alicdn.com/imgextra/i3/3371569905/O1CN01r3NXna2N2XjZDPIb6_!!3371569905.jpg_430x430q90.jpg', '11');
INSERT INTO `goods_picture` VALUES ('58', 'https://img.alicdn.com/imgextra/https://img.alicdn.com/imgextra/i3/3371569905/O1CN01mwKCu92N2XjU2O6Ix_!!3371569905.jpg_430x430q90.jpg', '11');
INSERT INTO `goods_picture` VALUES ('59', 'https://img.alicdn.com/imgextra/https://img.alicdn.com/imgextra/i2/3371569905/O1CN018xPu3w2N2XmtsU2vs_!!3371569905.jpg_430x430q90.jpg', '12');
INSERT INTO `goods_picture` VALUES ('60', 'https://img.alicdn.com/imgextra/https://img.alicdn.com/imgextra/i4/3371569905/O1CN01joWctV2N2XitbNjJv_!!3371569905.jpg_430x430q90.jpg', '12');
INSERT INTO `goods_picture` VALUES ('61', 'https://img.alicdn.com/imgextra/https://img.alicdn.com/imgextra/i4/3371569905/O1CN01XIDN782N2XiziZ7TU_!!3371569905.jpg_430x430q90.jpg', '12');
INSERT INTO `goods_picture` VALUES ('62', 'https://img.alicdn.com/imgextra/https://img.alicdn.com/imgextra/i4/3371569905/O1CN01Gf9QeS2N2XkQkobIO_!!3371569905.jpg_430x430q90.jpg', '12');
INSERT INTO `goods_picture` VALUES ('63', 'https://img.alicdn.com/imgextra/https://img.alicdn.com/imgextra/i3/3371569905/O1CN01gFlXXl2N2Xmx9qQAD_!!3371569905.jpg_430x430q90.jpg', '13');
INSERT INTO `goods_picture` VALUES ('64', 'https://img.alicdn.com/imgextra/https://img.alicdn.com/imgextra/i4/3371569905/O1CN01xSn3hD2N2XhWzqIn6_!!3371569905.jpg_430x430q90.jpg', '13');
INSERT INTO `goods_picture` VALUES ('65', 'https://img.alicdn.com/imgextra/https://img.alicdn.com/imgextra/i2/3371569905/O1CN019j9Ize2N2XiQfwDVG_!!3371569905.jpg_430x430q90.jpg', '13');
INSERT INTO `goods_picture` VALUES ('66', 'https://img.alicdn.com/imgextra/https://img.alicdn.com/imgextra/i1/3371569905/O1CN01jt2TiV2N2XifD08Xd_!!3371569905.jpg_430x430q90.jpg', '13');
INSERT INTO `goods_picture` VALUES ('67', 'https://img.alicdn.com/imgextra/i4/628189716/O1CN01rklrNb2LdyvQIm4n0_!!628189716.jpg_430x430q90.jpg', '14');
INSERT INTO `goods_picture` VALUES ('68', 'https://img.alicdn.com/imgextra/i1/628189716/O1CN01L4MEXP2LdyvTHrdMc_!!628189716.jpg_430x430q90.jpg', '14');
INSERT INTO `goods_picture` VALUES ('69', 'https://img.alicdn.com/imgextra/i1/628189716/O1CN01dEW4cT2LdyvUVIxUJ_!!628189716.jpg_430x430q90.jpg', '14');
INSERT INTO `goods_picture` VALUES ('70', 'https://img.alicdn.com/imgextra/i4/1636772035/O1CN01YZsQjn1Qu4jN6SlTy_!!1636772035.jpg_430x430q90.jpg', '15');
INSERT INTO `goods_picture` VALUES ('71', 'https://img.alicdn.com/imgextra/i1/1636772035/O1CN012uIasD1Qu4i2PqCJC_!!1636772035.jpg_430x430q90.jpg', '15');
INSERT INTO `goods_picture` VALUES ('72', 'https://img.alicdn.com/imgextra/i3/1636772035/O1CN018g1LwN1Qu4jTe9kSj_!!1636772035.jpg_430x430q90.jpg', '15');
INSERT INTO `goods_picture` VALUES ('73', 'https://img.alicdn.com/imgextra/i2/1636772035/O1CN01SvRqSB1Qu4kQfG8JI_!!0-item_pic.jpg_430x430q90.jpg', '15');
INSERT INTO `goods_picture` VALUES ('74', 'https://img.alicdn.com/imgextra/i2/2838892713/O1CN01MuXxKs1VubHHjpvLr_!!2838892713.jpg_430x430q90.jpg', '4');
INSERT INTO `goods_picture` VALUES ('75', 'https://img.alicdn.com/imgextra/https://img.alicdn.com/imgextra/i4/2209136590998/O1CN01XkhhVw1JF80ooWBCx_!!2209136590998.jpg_430x430q90.jpg', '1');
INSERT INTO `goods_picture` VALUES ('76', 'https://img.alicdn.com/imgextra/i4/2838892713/O1CN01LIOx7n1VubHYyRbOn_!!2838892713.jpg_430x430q90.jpg', '3');
INSERT INTO `goods_picture` VALUES ('77', 'https://img.alicdn.com/imgextra/i2/3360749321/O1CN01ZWaftt2Ij4Q3vA18O_!!3360749321.jpg_430x430q90.jpg', '9');
INSERT INTO `goods_picture` VALUES ('78', 'https://img.alicdn.com/imgextra/i3/2838892713/O1CN01uMR0JT1VubHTo32rl_!!2838892713.jpg_430x430q90.jpg', '16');
INSERT INTO `goods_picture` VALUES ('79', 'https://img.alicdn.com/imgextra/i1/2838892713/O1CN01hVgBU21VubHMIY7AE_!!2838892713.jpg_430x430q90.jpg', '16');
INSERT INTO `goods_picture` VALUES ('80', 'https://img.alicdn.com/imgextra/i2/2838892713/O1CN01YNZxb31VubHQqaMJD_!!2838892713.jpg_430x430q90.jpg', '16');
INSERT INTO `goods_picture` VALUES ('81', 'https://img.alicdn.com/imgextra/i1/2838892713/O1CN01uDJVtF1VubHP0zwV6_!!2838892713.jpg_430x430q90.jpg', '16');
INSERT INTO `goods_picture` VALUES ('82', 'https://img.alicdn.com/imgextra/i1/2838892713/O1CN01ulXh4L1VubHf7hklu_!!2838892713.jpg_430x430q90.jpg', '17');
INSERT INTO `goods_picture` VALUES ('83', 'https://img.alicdn.com/imgextra/i1/2838892713/O1CN01EuKr0b1VubHFYONH2_!!2838892713.jpg_430x430q90.jpg', '17');
INSERT INTO `goods_picture` VALUES ('84', 'https://img.alicdn.com/imgextra/i3/2838892713/O1CN01Y9PYCm1VubHDO0WF2_!!2838892713.jpg_430x430q90.jpg', '17');
INSERT INTO `goods_picture` VALUES ('85', null, null);

-- ----------------------------
-- Table structure for user
-- ----------------------------
DROP TABLE IF EXISTS `user`;
CREATE TABLE `user` (
  `id` int(11) NOT NULL AUTO_INCREMENT,
  `username` varchar(255) NOT NULL,
  `password` varchar(255) NOT NULL,
  `money` decimal(11,0) DEFAULT '0',
  `head_portrait` varchar(255) DEFAULT NULL,
  `regtime` timestamp NULL DEFAULT CURRENT_TIMESTAMP,
  `cart_id` int(11) DEFAULT NULL,
  PRIMARY KEY (`id`)
) ENGINE=InnoDB AUTO_INCREMENT=1210 DEFAULT CHARSET=utf8 COMMENT='用户';

-- ----------------------------
-- Records of user
-- ----------------------------
INSERT INTO `user` VALUES ('1', '123', 'ICy5YqxZB1uWSwcVLSNLcA==', '972952', 'https://gimg2.baidu.com/image_search/src=http%3A%2F%2Fi.qqkou.com%2Fi%2F0a2635408968x3150095866b26.jpg&refer=http%3A%2F%2Fi.qqkou.com&app=2002&size=f9999,10000&q=a80&n=0&g=0n&fmt=auto?sec=1654261083&t=199cb5c57d4d6af45fd5aa1833129f4f', '2022-05-04 21:12:38', null);
INSERT INTO `user` VALUES ('2', '克莱恩·莫雷蒂', 'ICy5YqxZB1uWSwcVLSNLcA==', '300', 'https://gimg2.baidu.com/image_search/src=http%3A%2F%2Fimg.huabbao.cn%2Fcase%2F20200427%2F5ea68da3e7a9a.jpg%21th_2000&refer=http%3A%2F%2Fimg.huabbao.cn&app=2002&size=f9999,10000&q=a80&n=0&g=0n&fmt=auto?sec=1654790843&t=7dfeedbed44c149172e1d6bccac63cf9', '2022-05-03 20:56:19', null);
INSERT INTO `user` VALUES ('3', '兜风狗', 'ICy5YqxZB1uWSwcVLSNLcA==', '5000', 'https://pic.imgdb.cn/item/624d819e239250f7c5fd5efa.png', '2022-05-04 21:02:31', null);
INSERT INTO `user` VALUES ('104', 'f8e54', '123', '0', null, '2022-07-09 19:22:16', null);
INSERT INTO `user` VALUES ('105', '6ba46', '123', '0', null, '2022-07-14 17:51:32', null);
INSERT INTO `user` VALUES ('106', 'f2628', '123', '0', null, '2022-12-29 20:58:53', null);
INSERT INTO `user` VALUES ('107', 'a0495', '123', '0', null, '2022-04-03 21:54:59', null);
INSERT INTO `user` VALUES ('108', '0b828', '123', '0', null, '2022-12-12 11:34:40', null);
INSERT INTO `user` VALUES ('109', 'ed786', '123', '0', null, '2022-02-26 22:43:51', null);
INSERT INTO `user` VALUES ('110', '7c232', '123', '0', null, '2022-09-07 15:41:24', null);
INSERT INTO `user` VALUES ('111', '7e5ca', '123', '0', null, '2022-10-16 21:32:05', null);
INSERT INTO `user` VALUES ('112', '49007', '123', '0', null, '2022-01-21 03:56:55', null);
INSERT INTO `user` VALUES ('113', 'b0bf6', '123', '0', null, '2022-11-18 01:12:51', null);
INSERT INTO `user` VALUES ('114', 'cf6a0', '123', '0', null, '2022-06-26 11:31:58', null);
INSERT INTO `user` VALUES ('115', 'd29f3', '123', '0', null, '2022-05-02 16:11:38', null);
INSERT INTO `user` VALUES ('116', '314a0', '123', '0', null, '2022-01-22 11:53:31', null);
INSERT INTO `user` VALUES ('117', '260ba', '123', '0', null, '2022-02-21 08:12:17', null);
INSERT INTO `user` VALUES ('118', '054b6', '123', '0', null, '2022-03-22 00:51:36', null);
INSERT INTO `user` VALUES ('119', '71367', '123', '0', null, '2022-12-23 14:29:54', null);
INSERT INTO `user` VALUES ('120', 'fe84c', '123', '0', null, '2022-11-10 03:43:55', null);
INSERT INTO `user` VALUES ('121', 'f2f21', '123', '0', null, '2022-08-27 12:25:16', null);
INSERT INTO `user` VALUES ('122', 'fa658', '123', '0', null, '2022-10-19 10:25:02', null);
INSERT INTO `user` VALUES ('123', 'a8e89', '123', '0', null, '2022-06-18 14:08:18', null);
INSERT INTO `user` VALUES ('124', '8e165', '123', '0', null, '2022-12-27 06:52:32', null);
INSERT INTO `user` VALUES ('125', '7db9b', '123', '0', null, '2022-05-29 03:23:31', null);
INSERT INTO `user` VALUES ('126', '31a59', '123', '0', null, '2022-11-25 02:34:06', null);
INSERT INTO `user` VALUES ('127', '9a68a', '123', '0', null, '2022-08-27 18:16:27', null);
INSERT INTO `user` VALUES ('128', 'becdd', '123', '0', null, '2022-06-11 12:05:39', null);
INSERT INTO `user` VALUES ('129', '74f75', '123', '0', null, '2022-12-29 17:19:24', null);
INSERT INTO `user` VALUES ('130', 'a1c69', '123', '0', null, '2022-07-01 04:17:50', null);
INSERT INTO `user` VALUES ('131', '168f7', '123', '0', null, '2022-03-02 21:44:12', null);
INSERT INTO `user` VALUES ('132', 'b5b33', '123', '0', null, '2022-09-22 14:19:22', null);
INSERT INTO `user` VALUES ('133', '06d0b', '123', '0', null, '2022-06-27 04:30:09', null);
INSERT INTO `user` VALUES ('134', '5f508', '123', '0', null, '2022-10-11 04:38:48', null);
INSERT INTO `user` VALUES ('135', 'c1a9e', '123', '0', null, '2022-07-23 23:45:43', null);
INSERT INTO `user` VALUES ('136', 'febe5', '123', '0', null, '2022-09-23 01:39:36', null);
INSERT INTO `user` VALUES ('137', 'f5b77', '123', '0', null, '2022-12-30 09:40:54', null);
INSERT INTO `user` VALUES ('138', '6f6da', '123', '0', null, '2022-04-13 01:00:45', null);
INSERT INTO `user` VALUES ('139', 'cdf8c', '123', '0', null, '2022-12-30 04:06:09', null);
INSERT INTO `user` VALUES ('140', 'f3b22', '123', '0', null, '2022-01-12 20:50:04', null);
INSERT INTO `user` VALUES ('141', '0ecc4', '123', '0', null, '2022-11-19 22:56:07', null);
INSERT INTO `user` VALUES ('142', '3215f', '123', '0', null, '2022-10-15 08:15:37', null);
INSERT INTO `user` VALUES ('143', 'fff15', '123', '0', null, '2022-02-20 22:31:54', null);
INSERT INTO `user` VALUES ('144', '69a02', '123', '0', null, '2022-07-19 17:45:41', null);
INSERT INTO `user` VALUES ('145', '3b8a5', '123', '0', null, '2022-12-25 14:40:52', null);
INSERT INTO `user` VALUES ('146', '7f312', '123', '0', null, '2022-12-24 23:05:30', null);
INSERT INTO `user` VALUES ('147', '9e55d', '123', '0', null, '2022-03-09 18:36:45', null);
INSERT INTO `user` VALUES ('148', '39338', '123', '0', null, '2022-09-02 01:48:41', null);
INSERT INTO `user` VALUES ('149', '3b65a', '123', '0', null, '2022-03-27 10:54:27', null);
INSERT INTO `user` VALUES ('150', 'baff4', '123', '0', null, '2022-06-14 22:56:21', null);
INSERT INTO `user` VALUES ('151', '7d208', '123', '0', null, '2022-08-12 01:40:37', null);
INSERT INTO `user` VALUES ('152', '15d5f', '123', '0', null, '2022-09-09 17:24:37', null);
INSERT INTO `user` VALUES ('153', 'fddc0', '123', '0', null, '2022-10-01 03:42:19', null);
INSERT INTO `user` VALUES ('154', '9da69', '123', '0', null, '2022-03-04 09:42:32', null);
INSERT INTO `user` VALUES ('155', '88e0b', '123', '0', null, '2022-07-05 07:07:27', null);
INSERT INTO `user` VALUES ('156', '8944a', '123', '0', null, '2022-04-07 23:58:37', null);
INSERT INTO `user` VALUES ('157', '42a65', '123', '0', null, '2022-07-13 07:26:44', null);
INSERT INTO `user` VALUES ('158', '632a1', '123', '0', null, '2022-10-25 21:40:24', null);
INSERT INTO `user` VALUES ('159', '329f6', '123', '0', null, '2022-12-05 08:47:02', null);
INSERT INTO `user` VALUES ('160', '1d7a1', '123', '0', null, '2022-06-15 19:50:04', null);
INSERT INTO `user` VALUES ('161', 'a214d', '123', '0', null, '2022-05-04 09:47:56', null);
INSERT INTO `user` VALUES ('162', 'af4a4', '123', '0', null, '2022-05-31 07:40:20', null);
INSERT INTO `user` VALUES ('163', '4a847', '123', '0', null, '2022-11-20 09:35:04', null);
INSERT INTO `user` VALUES ('164', 'd4fae', '123', '0', null, '2022-05-10 17:03:20', null);
INSERT INTO `user` VALUES ('165', '1d11f', '123', '0', null, '2022-10-19 21:47:47', null);
INSERT INTO `user` VALUES ('166', '3faa2', '123', '0', null, '2022-03-18 20:38:00', null);
INSERT INTO `user` VALUES ('167', 'bcfb1', '123', '0', null, '2022-10-19 03:51:54', null);
INSERT INTO `user` VALUES ('168', 'e5d50', '123', '0', null, '2022-06-28 07:44:20', null);
INSERT INTO `user` VALUES ('169', '53617', '123', '0', null, '2022-03-07 16:15:16', null);
INSERT INTO `user` VALUES ('170', 'bbb23', '123', '0', null, '2022-01-21 23:11:13', null);
INSERT INTO `user` VALUES ('171', '380bc', '123', '0', null, '2022-07-05 06:15:46', null);
INSERT INTO `user` VALUES ('172', '84a31', '123', '0', null, '2022-04-20 06:18:33', null);
INSERT INTO `user` VALUES ('173', 'fba8a', '123', '0', null, '2022-03-08 15:30:43', null);
INSERT INTO `user` VALUES ('174', 'd4bea', '123', '0', null, '2022-10-28 21:56:48', null);
INSERT INTO `user` VALUES ('175', '6b380', '123', '0', null, '2022-04-06 13:22:53', null);
INSERT INTO `user` VALUES ('176', '4834d', '123', '0', null, '2022-07-25 08:43:34', null);
INSERT INTO `user` VALUES ('177', 'f4281', '123', '0', null, '2022-06-29 21:21:53', null);
INSERT INTO `user` VALUES ('178', 'b9a35', '123', '0', null, '2022-05-28 15:23:53', null);
INSERT INTO `user` VALUES ('179', '1a219', '123', '0', null, '2022-05-05 04:16:46', null);
INSERT INTO `user` VALUES ('180', '5d0da', '123', '0', null, '2022-11-25 14:43:52', null);
INSERT INTO `user` VALUES ('181', '39123', '123', '0', null, '2022-04-15 01:22:35', null);
INSERT INTO `user` VALUES ('182', '5730e', '123', '0', null, '2022-04-28 13:34:27', null);
INSERT INTO `user` VALUES ('183', '53a30', '123', '0', null, '2022-08-24 05:31:19', null);
INSERT INTO `user` VALUES ('184', '7f97a', '123', '0', null, '2022-07-09 06:45:09', null);
INSERT INTO `user` VALUES ('185', '4de56', '123', '0', null, '2022-02-27 06:35:56', null);
INSERT INTO `user` VALUES ('186', '01a1a', '123', '0', null, '2022-05-03 16:36:31', null);
INSERT INTO `user` VALUES ('187', '38d53', '123', '0', null, '2022-02-03 16:10:34', null);
INSERT INTO `user` VALUES ('188', '1bd8f', '123', '0', null, '2022-10-01 13:52:15', null);
INSERT INTO `user` VALUES ('189', '62f3a', '123', '0', null, '2022-08-21 21:57:36', null);
INSERT INTO `user` VALUES ('190', '19b58', '123', '0', null, '2022-07-01 04:24:17', null);
INSERT INTO `user` VALUES ('191', '9b591', '123', '0', null, '2022-10-12 06:03:00', null);
INSERT INTO `user` VALUES ('192', '52842', '123', '0', null, '2022-07-08 03:18:26', null);
INSERT INTO `user` VALUES ('193', '79a2d', '123', '0', null, '2022-11-11 08:23:19', null);
INSERT INTO `user` VALUES ('194', 'e56d7', '123', '0', null, '2022-12-04 09:37:18', null);
INSERT INTO `user` VALUES ('195', '8f567', '123', '0', null, '2021-12-31 11:18:59', null);
INSERT INTO `user` VALUES ('196', '73dbc', '123', '0', null, '2022-07-31 08:25:02', null);
INSERT INTO `user` VALUES ('197', 'c6ae6', '123', '0', null, '2022-03-20 10:04:52', null);
INSERT INTO `user` VALUES ('198', '1086f', '123', '0', null, '2022-11-22 19:47:07', null);
INSERT INTO `user` VALUES ('199', '17e22', '123', '0', null, '2022-04-13 21:11:31', null);
INSERT INTO `user` VALUES ('200', '9cccf', '123', '0', null, '2022-05-01 08:34:44', null);
INSERT INTO `user` VALUES ('201', '2dd1f', '123', '0', null, '2022-10-26 20:16:27', null);
INSERT INTO `user` VALUES ('202', 'fc4a5', '123', '0', null, '2022-10-20 19:59:57', null);
INSERT INTO `user` VALUES ('203', 'd3487', '123', '0', null, '2022-01-13 05:31:08', null);
INSERT INTO `user` VALUES ('204', '6424c', '123', '0', null, '2022-05-15 20:52:04', null);
INSERT INTO `user` VALUES ('205', '57414', '123', '0', null, '2022-11-07 10:48:59', null);
INSERT INTO `user` VALUES ('206', 'bcdb7', '123', '0', null, '2022-01-23 17:42:17', null);
INSERT INTO `user` VALUES ('207', '01dc1', '123', '0', null, '2022-06-25 23:02:27', null);
INSERT INTO `user` VALUES ('208', '5d02f', '123', '0', null, '2022-10-04 14:25:59', null);
INSERT INTO `user` VALUES ('209', '29125', '123', '0', null, '2022-03-31 18:51:48', null);
INSERT INTO `user` VALUES ('210', 'd2878', '123', '0', null, '2022-11-11 12:30:31', null);
INSERT INTO `user` VALUES ('211', '1a078', '123', '0', null, '2022-05-26 19:53:41', null);
INSERT INTO `user` VALUES ('212', 'fae68', '123', '0', null, '2022-11-15 01:25:22', null);
INSERT INTO `user` VALUES ('213', '4c705', '123', '0', null, '2022-03-10 15:58:59', null);
INSERT INTO `user` VALUES ('214', '9fad3', '123', '0', null, '2022-09-18 02:52:25', null);
INSERT INTO `user` VALUES ('215', 'e5d31', '123', '0', null, '2022-01-23 06:45:16', null);
INSERT INTO `user` VALUES ('216', 'b22b5', '123', '0', null, '2022-09-18 06:28:21', null);
INSERT INTO `user` VALUES ('217', '7715f', '123', '0', null, '2022-03-24 14:11:12', null);
INSERT INTO `user` VALUES ('218', '2c595', '123', '0', null, '2022-11-21 19:17:53', null);
INSERT INTO `user` VALUES ('219', '29a27', '123', '0', null, '2022-02-15 22:58:51', null);
INSERT INTO `user` VALUES ('220', '48830', '123', '0', null, '2022-05-08 22:57:27', null);
INSERT INTO `user` VALUES ('221', 'c04f6', '123', '0', null, '2022-08-24 13:21:56', null);
INSERT INTO `user` VALUES ('222', 'f01b4', '123', '0', null, '2022-04-12 23:19:43', null);
INSERT INTO `user` VALUES ('223', '27880', '123', '0', null, '2022-07-15 10:57:11', null);
INSERT INTO `user` VALUES ('224', '8d3b2', '123', '0', null, '2022-10-21 22:09:01', null);
INSERT INTO `user` VALUES ('225', '74208', '123', '0', null, '2022-09-01 10:16:50', null);
INSERT INTO `user` VALUES ('226', 'bcfc1', '123', '0', null, '2022-07-17 19:58:40', null);
INSERT INTO `user` VALUES ('227', '8f56c', '123', '0', null, '2022-05-26 23:03:19', null);
INSERT INTO `user` VALUES ('228', '64ec8', '123', '0', null, '2022-10-18 18:15:07', null);
INSERT INTO `user` VALUES ('229', 'afb6a', '123', '0', null, '2022-09-26 19:17:27', null);
INSERT INTO `user` VALUES ('230', 'd1bfb', '123', '0', null, '2022-12-15 10:15:31', null);
INSERT INTO `user` VALUES ('231', '07f3b', '123', '0', null, '2022-09-16 21:17:53', null);
INSERT INTO `user` VALUES ('232', 'f28ad', '123', '0', null, '2022-01-02 00:20:16', null);
INSERT INTO `user` VALUES ('233', 'f59b5', '123', '0', null, '2022-08-16 06:44:14', null);
INSERT INTO `user` VALUES ('234', 'c5aee', '123', '0', null, '2022-01-08 04:57:57', null);
INSERT INTO `user` VALUES ('235', 'be8c4', '123', '0', null, '2022-09-27 09:43:10', null);
INSERT INTO `user` VALUES ('236', '943c3', '123', '0', null, '2022-02-01 19:58:36', null);
INSERT INTO `user` VALUES ('237', 'd0cdf', '123', '0', null, '2021-12-30 04:04:56', null);
INSERT INTO `user` VALUES ('238', '40cde', '123', '0', null, '2022-02-26 17:46:24', null);
INSERT INTO `user` VALUES ('239', 'b4089', '123', '0', null, '2022-02-02 12:57:12', null);
INSERT INTO `user` VALUES ('240', '33d19', '123', '0', null, '2022-05-06 14:09:12', null);
INSERT INTO `user` VALUES ('241', '7b163', '123', '0', null, '2022-11-08 08:19:59', null);
INSERT INTO `user` VALUES ('242', '73006', '123', '0', null, '2022-05-04 06:57:05', null);
INSERT INTO `user` VALUES ('243', '1737a', '123', '0', null, '2022-10-06 09:04:48', null);
INSERT INTO `user` VALUES ('244', '2fe53', '123', '0', null, '2022-08-26 13:57:25', null);
INSERT INTO `user` VALUES ('245', 'acbf2', '123', '0', null, '2022-08-15 15:27:59', null);
INSERT INTO `user` VALUES ('246', '75ba5', '123', '0', null, '2022-01-27 00:14:49', null);
INSERT INTO `user` VALUES ('247', '08ef6', '123', '0', null, '2022-09-30 09:29:44', null);
INSERT INTO `user` VALUES ('248', 'e1913', '123', '0', null, '2022-10-07 10:11:44', null);
INSERT INTO `user` VALUES ('249', 'c1a74', '123', '0', null, '2022-12-22 12:15:19', null);
INSERT INTO `user` VALUES ('250', '51522', '123', '0', null, '2022-10-25 21:05:22', null);
INSERT INTO `user` VALUES ('251', 'f76bb', '123', '0', null, '2022-11-15 02:24:08', null);
INSERT INTO `user` VALUES ('252', 'fa587', '123', '0', null, '2022-05-21 23:50:29', null);
INSERT INTO `user` VALUES ('253', '37edd', '123', '0', null, '2022-07-13 23:22:08', null);
INSERT INTO `user` VALUES ('254', '5d2f6', '123', '0', null, '2022-10-02 13:26:11', null);
INSERT INTO `user` VALUES ('255', '2c78a', '123', '0', null, '2022-09-06 20:58:18', null);
INSERT INTO `user` VALUES ('256', 'fdf01', '123', '0', null, '2022-04-26 13:32:13', null);
INSERT INTO `user` VALUES ('257', '53387', '123', '0', null, '2022-11-30 20:27:30', null);
INSERT INTO `user` VALUES ('258', 'f2112', '123', '0', null, '2022-10-09 02:52:38', null);
INSERT INTO `user` VALUES ('259', '70547', '123', '0', null, '2022-07-14 14:32:35', null);
INSERT INTO `user` VALUES ('260', 'b63a2', '123', '0', null, '2022-04-16 10:25:36', null);
INSERT INTO `user` VALUES ('261', '2b46b', '123', '0', null, '2022-09-27 19:13:12', null);
INSERT INTO `user` VALUES ('262', 'b9058', '123', '0', null, '2022-08-24 07:20:21', null);
INSERT INTO `user` VALUES ('263', '2f305', '123', '0', null, '2022-09-18 14:28:05', null);
INSERT INTO `user` VALUES ('264', '07000', '123', '0', null, '2022-11-28 16:50:21', null);
INSERT INTO `user` VALUES ('265', 'f02f1', '123', '0', null, '2022-01-15 21:44:06', null);
INSERT INTO `user` VALUES ('266', '816be', '123', '0', null, '2022-07-15 21:24:42', null);
INSERT INTO `user` VALUES ('267', '518d8', '123', '0', null, '2022-01-06 19:12:33', null);
INSERT INTO `user` VALUES ('268', '96e6f', '123', '0', null, '2022-06-15 04:16:07', null);
INSERT INTO `user` VALUES ('269', '8667c', '123', '0', null, '2022-08-13 04:13:21', null);
INSERT INTO `user` VALUES ('270', 'd0c0c', '123', '0', null, '2022-09-28 17:48:43', null);
INSERT INTO `user` VALUES ('271', '3566d', '123', '0', null, '2022-09-22 12:25:27', null);
INSERT INTO `user` VALUES ('272', '27e9f', '123', '0', null, '2022-03-29 03:45:10', null);
INSERT INTO `user` VALUES ('273', 'ba75c', '123', '0', null, '2022-01-14 07:29:11', null);
INSERT INTO `user` VALUES ('274', '818f2', '123', '0', null, '2022-07-26 12:28:01', null);
INSERT INTO `user` VALUES ('275', 'b63f9', '123', '0', null, '2022-08-11 01:29:51', null);
INSERT INTO `user` VALUES ('276', '30142', '123', '0', null, '2022-08-07 12:14:56', null);
INSERT INTO `user` VALUES ('277', '59540', '123', '0', null, '2022-01-12 03:15:14', null);
INSERT INTO `user` VALUES ('278', '04a5c', '123', '0', null, '2022-03-04 23:35:11', null);
INSERT INTO `user` VALUES ('279', '802d6', '123', '0', null, '2022-02-04 10:51:20', null);
INSERT INTO `user` VALUES ('280', '717d5', '123', '0', null, '2022-04-16 17:58:42', null);
INSERT INTO `user` VALUES ('281', 'f5589', '123', '0', null, '2022-10-05 03:53:25', null);
INSERT INTO `user` VALUES ('282', '1d735', '123', '0', null, '2022-01-13 08:06:44', null);
INSERT INTO `user` VALUES ('283', '3b41d', '123', '0', null, '2022-10-05 23:07:11', null);
INSERT INTO `user` VALUES ('284', 'f0e66', '123', '0', null, '2022-05-29 06:16:06', null);
INSERT INTO `user` VALUES ('285', 'd5746', '123', '0', null, '2022-11-30 07:01:17', null);
INSERT INTO `user` VALUES ('286', 'c2ad5', '123', '0', null, '2022-12-03 04:59:29', null);
INSERT INTO `user` VALUES ('287', 'ace8c', '123', '0', null, '2022-06-16 07:38:44', null);
INSERT INTO `user` VALUES ('288', '3f4fd', '123', '0', null, '2022-06-02 04:20:33', null);
INSERT INTO `user` VALUES ('289', '381e4', '123', '0', null, '2022-11-29 13:41:52', null);
INSERT INTO `user` VALUES ('290', 'aeeec', '123', '0', null, '2022-10-15 05:10:42', null);
INSERT INTO `user` VALUES ('291', 'a57cc', '123', '0', null, '2022-11-18 23:06:30', null);
INSERT INTO `user` VALUES ('292', 'df1e0', '123', '0', null, '2022-11-07 08:27:26', null);
INSERT INTO `user` VALUES ('293', '07ac7', '123', '0', null, '2022-05-18 00:42:39', null);
INSERT INTO `user` VALUES ('294', 'aa2f8', '123', '0', null, '2022-07-08 09:23:40', null);
INSERT INTO `user` VALUES ('295', '816b8', '123', '0', null, '2022-07-24 04:05:44', null);
INSERT INTO `user` VALUES ('296', '41b84', '123', '0', null, '2022-02-11 17:16:04', null);
INSERT INTO `user` VALUES ('297', '0f746', '123', '0', null, '2022-02-23 03:13:47', null);
INSERT INTO `user` VALUES ('298', 'b32c3', '123', '0', null, '2022-10-20 01:57:26', null);
INSERT INTO `user` VALUES ('299', '65f3a', '123', '0', null, '2022-02-19 08:07:17', null);
INSERT INTO `user` VALUES ('300', '41303', '123', '0', null, '2022-05-07 16:41:33', null);
INSERT INTO `user` VALUES ('301', 'c3ab4', '123', '0', null, '2022-07-01 04:03:55', null);
INSERT INTO `user` VALUES ('302', 'd53e6', '123', '0', null, '2022-06-09 23:00:41', null);
INSERT INTO `user` VALUES ('303', 'b9a3e', '123', '0', null, '2022-12-13 16:37:47', null);
INSERT INTO `user` VALUES ('304', '41019', '123', '0', null, '2022-05-06 12:51:48', null);
INSERT INTO `user` VALUES ('305', 'cbe94', '123', '0', null, '2022-01-03 22:44:04', null);
INSERT INTO `user` VALUES ('306', 'a27b9', '123', '0', null, '2022-01-25 04:11:07', null);
INSERT INTO `user` VALUES ('307', '0465a', '123', '0', null, '2022-04-01 18:54:43', null);
INSERT INTO `user` VALUES ('308', '549a8', '123', '0', null, '2022-03-27 09:39:35', null);
INSERT INTO `user` VALUES ('309', '17892', '123', '0', null, '2022-04-14 13:19:53', null);
INSERT INTO `user` VALUES ('310', 'dcde6', '123', '0', null, '2022-05-17 22:21:25', null);
INSERT INTO `user` VALUES ('311', '0ae5a', '123', '0', null, '2022-09-05 16:48:04', null);
INSERT INTO `user` VALUES ('312', '16ed0', '123', '0', null, '2022-09-09 22:00:38', null);
INSERT INTO `user` VALUES ('313', '20850', '123', '0', null, '2022-02-25 02:59:30', null);
INSERT INTO `user` VALUES ('314', 'e9a22', '123', '0', null, '2022-08-27 02:44:47', null);
INSERT INTO `user` VALUES ('315', 'bc240', '123', '0', null, '2022-03-28 01:15:24', null);
INSERT INTO `user` VALUES ('316', '40ffb', '123', '0', null, '2022-08-18 23:09:49', null);
INSERT INTO `user` VALUES ('317', 'de62e', '123', '0', null, '2022-01-13 20:47:49', null);
INSERT INTO `user` VALUES ('318', '36e71', '123', '0', null, '2022-12-19 18:40:15', null);
INSERT INTO `user` VALUES ('319', '757bf', '123', '0', null, '2022-05-05 23:34:38', null);
INSERT INTO `user` VALUES ('320', 'fa1d5', '123', '0', null, '2022-10-25 15:55:48', null);
INSERT INTO `user` VALUES ('321', '5b40e', '123', '0', null, '2022-08-17 18:28:30', null);
INSERT INTO `user` VALUES ('322', 'd1f6e', '123', '0', null, '2022-09-03 15:39:23', null);
INSERT INTO `user` VALUES ('323', '385d8', '123', '0', null, '2022-04-17 11:11:56', null);
INSERT INTO `user` VALUES ('324', 'b25c2', '123', '0', null, '2022-07-09 23:52:12', null);
INSERT INTO `user` VALUES ('325', 'aa526', '123', '0', null, '2022-05-30 16:44:39', null);
INSERT INTO `user` VALUES ('326', '22beb', '123', '0', null, '2022-03-14 07:18:38', null);
INSERT INTO `user` VALUES ('327', 'a6e5a', '123', '0', null, '2022-02-14 12:12:10', null);
INSERT INTO `user` VALUES ('328', '9f7f6', '123', '0', null, '2022-08-01 22:03:38', null);
INSERT INTO `user` VALUES ('329', 'd3af4', '123', '0', null, '2022-03-04 21:19:38', null);
INSERT INTO `user` VALUES ('330', '1e6ca', '123', '0', null, '2022-01-17 14:40:20', null);
INSERT INTO `user` VALUES ('331', '9c60b', '123', '0', null, '2022-05-08 14:49:44', null);
INSERT INTO `user` VALUES ('332', '08745', '123', '0', null, '2022-05-14 05:42:02', null);
INSERT INTO `user` VALUES ('333', 'd5ce3', '123', '0', null, '2022-11-17 22:50:57', null);
INSERT INTO `user` VALUES ('334', 'a1fee', '123', '0', null, '2022-08-25 22:49:54', null);
INSERT INTO `user` VALUES ('335', '04782', '123', '0', null, '2022-07-11 12:09:41', null);
INSERT INTO `user` VALUES ('336', '1ccc2', '123', '0', null, '2022-03-26 01:34:52', null);
INSERT INTO `user` VALUES ('337', '68d26', '123', '0', null, '2022-09-09 16:35:17', null);
INSERT INTO `user` VALUES ('338', '83325', '123', '0', null, '2022-03-25 12:56:39', null);
INSERT INTO `user` VALUES ('339', 'bafbf', '123', '0', null, '2022-03-02 00:38:56', null);
INSERT INTO `user` VALUES ('340', 'eb95f', '123', '0', null, '2022-02-16 15:50:01', null);
INSERT INTO `user` VALUES ('341', 'de546', '123', '0', null, '2022-01-05 06:59:58', null);
INSERT INTO `user` VALUES ('342', 'b3679', '123', '0', null, '2022-02-09 14:29:24', null);
INSERT INTO `user` VALUES ('343', '488e4', '123', '0', null, '2022-01-12 20:19:00', null);
INSERT INTO `user` VALUES ('344', '026f4', '123', '0', null, '2022-09-04 15:36:18', null);
INSERT INTO `user` VALUES ('345', '9727a', '123', '0', null, '2022-10-05 17:38:43', null);
INSERT INTO `user` VALUES ('346', '4a18f', '123', '0', null, '2022-07-15 02:49:07', null);
INSERT INTO `user` VALUES ('347', 'c974c', '123', '0', null, '2022-05-26 14:44:48', null);
INSERT INTO `user` VALUES ('348', '16337', '123', '0', null, '2022-11-05 14:49:10', null);
INSERT INTO `user` VALUES ('349', '6e598', '123', '0', null, '2022-09-09 04:51:06', null);
INSERT INTO `user` VALUES ('350', '6327e', '123', '0', null, '2022-08-02 06:48:27', null);
INSERT INTO `user` VALUES ('351', 'dab5b', '123', '0', null, '2022-01-10 13:40:50', null);
INSERT INTO `user` VALUES ('352', '560fc', '123', '0', null, '2022-03-22 06:39:48', null);
INSERT INTO `user` VALUES ('353', 'c3b83', '123', '0', null, '2022-01-18 03:28:52', null);
INSERT INTO `user` VALUES ('354', 'a0180', '123', '0', null, '2022-12-08 06:10:12', null);
INSERT INTO `user` VALUES ('355', '11859', '123', '0', null, '2022-08-16 13:53:58', null);
INSERT INTO `user` VALUES ('356', '5101b', '123', '0', null, '2022-07-10 16:33:46', null);
INSERT INTO `user` VALUES ('357', '32c26', '123', '0', null, '2022-06-02 21:35:59', null);
INSERT INTO `user` VALUES ('358', '9f233', '123', '0', null, '2022-05-07 21:19:44', null);
INSERT INTO `user` VALUES ('359', 'd80dd', '123', '0', null, '2022-11-29 18:51:14', null);
INSERT INTO `user` VALUES ('360', 'cb81f', '123', '0', null, '2022-06-08 22:15:53', null);
INSERT INTO `user` VALUES ('361', '709b6', '123', '0', null, '2022-02-12 13:20:53', null);
INSERT INTO `user` VALUES ('362', '544e6', '123', '0', null, '2022-04-27 05:13:51', null);
INSERT INTO `user` VALUES ('363', '9e598', '123', '0', null, '2022-02-13 03:15:11', null);
INSERT INTO `user` VALUES ('364', '4e394', '123', '0', null, '2022-06-01 14:43:57', null);
INSERT INTO `user` VALUES ('365', '0e073', '123', '0', null, '2022-12-17 10:38:34', null);
INSERT INTO `user` VALUES ('366', '00da9', '123', '0', null, '2022-09-29 21:37:10', null);
INSERT INTO `user` VALUES ('367', 'e970d', '123', '0', null, '2022-08-19 02:59:09', null);
INSERT INTO `user` VALUES ('368', '46938', '123', '0', null, '2022-05-24 06:09:31', null);
INSERT INTO `user` VALUES ('369', '03f9e', '123', '0', null, '2022-11-05 18:08:22', null);
INSERT INTO `user` VALUES ('370', 'd8ccf', '123', '0', null, '2022-10-03 01:13:20', null);
INSERT INTO `user` VALUES ('371', '44150', '123', '0', null, '2022-11-02 03:58:08', null);
INSERT INTO `user` VALUES ('372', 'dcb2c', '123', '0', null, '2022-04-11 16:24:45', null);
INSERT INTO `user` VALUES ('373', 'f7942', '123', '0', null, '2022-09-22 12:07:12', null);
INSERT INTO `user` VALUES ('374', 'cf209', '123', '0', null, '2022-06-27 10:33:56', null);
INSERT INTO `user` VALUES ('375', 'ed46c', '123', '0', null, '2022-10-16 19:40:05', null);
INSERT INTO `user` VALUES ('376', 'ba877', '123', '0', null, '2022-11-05 14:36:18', null);
INSERT INTO `user` VALUES ('377', '6103d', '123', '0', null, '2022-02-12 04:29:07', null);
INSERT INTO `user` VALUES ('378', '48241', '123', '0', null, '2022-07-22 01:46:36', null);
INSERT INTO `user` VALUES ('379', '5351d', '123', '0', null, '2022-08-26 17:23:23', null);
INSERT INTO `user` VALUES ('380', 'fb885', '123', '0', null, '2022-07-16 02:24:55', null);
INSERT INTO `user` VALUES ('381', 'ff837', '123', '0', null, '2022-06-14 09:23:11', null);
INSERT INTO `user` VALUES ('382', '99a8c', '123', '0', null, '2022-10-24 12:36:10', null);
INSERT INTO `user` VALUES ('383', '75931', '123', '0', null, '2022-08-01 10:58:41', null);
INSERT INTO `user` VALUES ('384', '626c8', '123', '0', null, '2022-11-02 23:09:24', null);
INSERT INTO `user` VALUES ('385', '79d8f', '123', '0', null, '2022-11-16 05:10:35', null);
INSERT INTO `user` VALUES ('386', 'c6c1b', '123', '0', null, '2022-03-31 09:56:38', null);
INSERT INTO `user` VALUES ('387', '105d0', '123', '0', null, '2022-10-11 22:20:43', null);
INSERT INTO `user` VALUES ('388', '6820a', '123', '0', null, '2022-10-15 23:03:55', null);
INSERT INTO `user` VALUES ('389', 'c6302', '123', '0', null, '2022-02-23 21:08:12', null);
INSERT INTO `user` VALUES ('390', '261a3', '123', '0', null, '2022-09-08 02:00:39', null);
INSERT INTO `user` VALUES ('391', '5f741', '123', '0', null, '2022-11-21 15:58:31', null);
INSERT INTO `user` VALUES ('392', '89dfa', '123', '0', null, '2022-12-02 21:26:06', null);
INSERT INTO `user` VALUES ('393', '12a0c', '123', '0', null, '2022-08-26 23:29:26', null);
INSERT INTO `user` VALUES ('394', '271c0', '123', '0', null, '2022-03-18 13:24:24', null);
INSERT INTO `user` VALUES ('395', 'a09c1', '123', '0', null, '2022-02-20 19:18:52', null);
INSERT INTO `user` VALUES ('396', '0c0ef', '123', '0', null, '2022-10-22 06:18:59', null);
INSERT INTO `user` VALUES ('397', '396e1', '123', '0', null, '2022-04-22 18:10:55', null);
INSERT INTO `user` VALUES ('398', '20246', '123', '0', null, '2022-08-02 00:36:46', null);
INSERT INTO `user` VALUES ('399', '33c2d', '123', '0', null, '2022-06-29 16:00:22', null);
INSERT INTO `user` VALUES ('400', '63941', '123', '0', null, '2022-03-16 10:36:13', null);
INSERT INTO `user` VALUES ('401', '151b3', '123', '0', null, '2022-06-25 09:24:55', null);
INSERT INTO `user` VALUES ('402', 'f15e1', '123', '0', null, '2022-06-10 11:27:27', null);
INSERT INTO `user` VALUES ('403', '73d51', '123', '0', null, '2022-02-18 12:57:26', null);
INSERT INTO `user` VALUES ('404', 'cbd8a', '123', '0', null, '2022-08-04 23:04:19', null);
INSERT INTO `user` VALUES ('405', '58601', '123', '0', null, '2022-03-26 09:45:12', null);
INSERT INTO `user` VALUES ('406', 'ba21c', '123', '0', null, '2022-02-08 01:40:04', null);
INSERT INTO `user` VALUES ('407', 'cd5fa', '123', '0', null, '2022-12-08 15:54:36', null);
INSERT INTO `user` VALUES ('408', 'b9eba', '123', '0', null, '2022-02-16 23:16:56', null);
INSERT INTO `user` VALUES ('409', 'a29ee', '123', '0', null, '2022-12-22 11:10:15', null);
INSERT INTO `user` VALUES ('410', '0dca4', '123', '0', null, '2022-08-18 02:42:35', null);
INSERT INTO `user` VALUES ('411', '5489d', '123', '0', null, '2022-04-02 22:56:58', null);
INSERT INTO `user` VALUES ('412', '1a4e3', '123', '0', null, '2022-03-05 03:39:03', null);
INSERT INTO `user` VALUES ('413', '3943e', '123', '0', null, '2022-01-31 06:49:29', null);
INSERT INTO `user` VALUES ('414', '88dda', '123', '0', null, '2022-01-26 00:48:42', null);
INSERT INTO `user` VALUES ('415', '5dae7', '123', '0', null, '2022-08-10 02:00:03', null);
INSERT INTO `user` VALUES ('416', '6508f', '123', '0', null, '2022-02-03 06:42:50', null);
INSERT INTO `user` VALUES ('417', '08815', '123', '0', null, '2022-04-11 13:33:21', null);
INSERT INTO `user` VALUES ('418', '62ba8', '123', '0', null, '2022-07-09 05:08:23', null);
INSERT INTO `user` VALUES ('419', '88dd1', '123', '0', null, '2022-07-07 23:39:08', null);
INSERT INTO `user` VALUES ('420', '73c62', '123', '0', null, '2022-03-28 19:08:01', null);
INSERT INTO `user` VALUES ('421', 'b5a78', '123', '0', null, '2022-12-02 06:40:18', null);
INSERT INTO `user` VALUES ('422', '4bbc9', '123', '0', null, '2022-07-27 02:33:44', null);
INSERT INTO `user` VALUES ('423', 'b8930', '123', '0', null, '2022-08-04 12:38:23', null);
INSERT INTO `user` VALUES ('424', 'dc2f4', '123', '0', null, '2022-03-31 01:05:32', null);
INSERT INTO `user` VALUES ('425', '37e1c', '123', '0', null, '2022-05-11 02:59:45', null);
INSERT INTO `user` VALUES ('426', '16b3a', '123', '0', null, '2022-09-06 23:05:41', null);
INSERT INTO `user` VALUES ('427', 'ce65f', '123', '0', null, '2022-12-04 03:50:19', null);
INSERT INTO `user` VALUES ('428', '7bcb7', '123', '0', null, '2022-08-12 09:04:50', null);
INSERT INTO `user` VALUES ('429', 'f4386', '123', '0', null, '2022-05-28 17:59:06', null);
INSERT INTO `user` VALUES ('430', '04ce7', '123', '0', null, '2022-04-05 19:59:26', null);
INSERT INTO `user` VALUES ('431', 'f88ac', '123', '0', null, '2022-05-11 01:57:17', null);
INSERT INTO `user` VALUES ('432', '4b212', '123', '0', null, '2022-07-16 01:13:31', null);
INSERT INTO `user` VALUES ('433', 'c4b0f', '123', '0', null, '2022-02-22 05:41:21', null);
INSERT INTO `user` VALUES ('434', '0d888', '123', '0', null, '2022-11-23 01:04:06', null);
INSERT INTO `user` VALUES ('435', '66e64', '123', '0', null, '2022-12-09 17:05:49', null);
INSERT INTO `user` VALUES ('436', 'e38e4', '123', '0', null, '2022-12-22 03:13:45', null);
INSERT INTO `user` VALUES ('437', 'ee4b8', '123', '0', null, '2022-03-23 03:28:48', null);
INSERT INTO `user` VALUES ('438', '54904', '123', '0', null, '2022-06-13 13:03:36', null);
INSERT INTO `user` VALUES ('439', 'ea091', '123', '0', null, '2022-08-24 00:49:12', null);
INSERT INTO `user` VALUES ('440', 'ae884', '123', '0', null, '2022-05-12 18:02:29', null);
INSERT INTO `user` VALUES ('441', '7a7ed', '123', '0', null, '2022-02-15 23:24:21', null);
INSERT INTO `user` VALUES ('442', 'f89d0', '123', '0', null, '2022-03-07 18:20:29', null);
INSERT INTO `user` VALUES ('443', '6a0ca', '123', '0', null, '2022-05-14 17:50:08', null);
INSERT INTO `user` VALUES ('444', '25576', '123', '0', null, '2022-06-17 05:48:15', null);
INSERT INTO `user` VALUES ('445', '64435', '123', '0', null, '2022-07-11 21:45:34', null);
INSERT INTO `user` VALUES ('446', '6c891', '123', '0', null, '2021-12-31 01:11:38', null);
INSERT INTO `user` VALUES ('447', '81809', '123', '0', null, '2022-03-14 18:51:04', null);
INSERT INTO `user` VALUES ('448', '4b98a', '123', '0', null, '2022-11-26 11:25:44', null);
INSERT INTO `user` VALUES ('449', '74892', '123', '0', null, '2022-08-11 23:29:25', null);
INSERT INTO `user` VALUES ('450', '8c426', '123', '0', null, '2022-07-29 07:27:14', null);
INSERT INTO `user` VALUES ('451', 'cdc30', '123', '0', null, '2022-07-08 02:12:53', null);
INSERT INTO `user` VALUES ('452', '6e474', '123', '0', null, '2022-09-25 22:59:49', null);
INSERT INTO `user` VALUES ('453', '2c29a', '123', '0', null, '2022-06-26 09:00:40', null);
INSERT INTO `user` VALUES ('454', 'b1ff4', '123', '0', null, '2022-08-26 12:14:14', null);
INSERT INTO `user` VALUES ('455', '03b02', '123', '0', null, '2022-03-05 07:24:31', null);
INSERT INTO `user` VALUES ('456', '59179', '123', '0', null, '2022-06-13 06:37:47', null);
INSERT INTO `user` VALUES ('457', '3edde', '123', '0', null, '2022-01-31 11:17:10', null);
INSERT INTO `user` VALUES ('458', '0dab8', '123', '0', null, '2022-07-27 10:46:10', null);
INSERT INTO `user` VALUES ('459', 'ef030', '123', '0', null, '2022-03-27 07:02:42', null);
INSERT INTO `user` VALUES ('460', '97db0', '123', '0', null, '2022-05-12 12:55:59', null);
INSERT INTO `user` VALUES ('461', '52f43', '123', '0', null, '2022-11-06 14:19:28', null);
INSERT INTO `user` VALUES ('462', '2c4a8', '123', '0', null, '2022-02-06 11:46:03', null);
INSERT INTO `user` VALUES ('463', 'ffa6b', '123', '0', null, '2022-03-26 22:39:49', null);
INSERT INTO `user` VALUES ('464', '909d6', '123', '0', null, '2022-08-12 12:42:02', null);
INSERT INTO `user` VALUES ('465', '7b5f3', '123', '0', null, '2022-09-18 13:20:18', null);
INSERT INTO `user` VALUES ('466', '58919', '123', '0', null, '2022-03-18 19:07:34', null);
INSERT INTO `user` VALUES ('467', 'a2426', '123', '0', null, '2022-08-01 03:21:03', null);
INSERT INTO `user` VALUES ('468', '708b8', '123', '0', null, '2022-04-28 11:31:58', null);
INSERT INTO `user` VALUES ('469', 'a21c5', '123', '0', null, '2022-12-07 20:58:05', null);
INSERT INTO `user` VALUES ('470', 'ecc97', '123', '0', null, '2022-02-07 06:36:01', null);
INSERT INTO `user` VALUES ('471', '9ccb4', '123', '0', null, '2022-06-28 08:41:35', null);
INSERT INTO `user` VALUES ('472', '3ba8b', '123', '0', null, '2022-07-11 09:46:09', null);
INSERT INTO `user` VALUES ('473', '48dfc', '123', '0', null, '2022-09-07 11:22:31', null);
INSERT INTO `user` VALUES ('474', 'e74e4', '123', '0', null, '2022-06-05 08:12:39', null);
INSERT INTO `user` VALUES ('475', 'b4d91', '123', '0', null, '2022-01-05 05:37:48', null);
INSERT INTO `user` VALUES ('476', 'fd7bf', '123', '0', null, '2022-05-21 09:04:25', null);
INSERT INTO `user` VALUES ('477', '25520', '123', '0', null, '2022-05-08 01:43:52', null);
INSERT INTO `user` VALUES ('478', '0472d', '123', '0', null, '2022-03-30 23:13:48', null);
INSERT INTO `user` VALUES ('479', 'd775b', '123', '0', null, '2022-07-24 17:47:34', null);
INSERT INTO `user` VALUES ('480', '36c26', '123', '0', null, '2022-08-16 08:59:27', null);
INSERT INTO `user` VALUES ('481', '126e1', '123', '0', null, '2022-12-02 10:41:29', null);
INSERT INTO `user` VALUES ('482', 'eb90b', '123', '0', null, '2022-01-26 02:13:24', null);
INSERT INTO `user` VALUES ('483', 'fd427', '123', '0', null, '2022-12-22 18:01:12', null);
INSERT INTO `user` VALUES ('484', '9d805', '123', '0', null, '2022-03-13 10:22:10', null);
INSERT INTO `user` VALUES ('485', '315a1', '123', '0', null, '2022-11-30 10:50:29', null);
INSERT INTO `user` VALUES ('486', 'fc7a6', '123', '0', null, '2022-11-07 16:39:46', null);
INSERT INTO `user` VALUES ('487', '526cd', '123', '0', null, '2022-02-10 03:01:24', null);
INSERT INTO `user` VALUES ('488', 'f5af1', '123', '0', null, '2022-05-25 03:28:36', null);
INSERT INTO `user` VALUES ('489', 'dc52a', '123', '0', null, '2022-08-24 14:51:00', null);
INSERT INTO `user` VALUES ('490', '664b2', '123', '0', null, '2022-11-14 10:51:37', null);
INSERT INTO `user` VALUES ('491', 'afcf7', '123', '0', null, '2022-11-26 00:41:43', null);
INSERT INTO `user` VALUES ('492', '0f951', '123', '0', null, '2022-06-22 11:28:15', null);
INSERT INTO `user` VALUES ('493', '5bab1', '123', '0', null, '2022-11-30 19:41:24', null);
INSERT INTO `user` VALUES ('494', 'dc322', '123', '0', null, '2022-05-09 06:52:28', null);
INSERT INTO `user` VALUES ('495', '576b2', '123', '0', null, '2022-06-21 01:24:12', null);
INSERT INTO `user` VALUES ('496', '6dd71', '123', '0', null, '2022-11-10 12:47:42', null);
INSERT INTO `user` VALUES ('497', 'b063f', '123', '0', null, '2022-04-26 14:28:39', null);
INSERT INTO `user` VALUES ('498', '2c04d', '123', '0', null, '2022-04-23 15:55:00', null);
INSERT INTO `user` VALUES ('499', '80dde', '123', '0', null, '2022-02-08 04:07:25', null);
INSERT INTO `user` VALUES ('500', '1efe6', '123', '0', null, '2022-03-31 07:05:46', null);
INSERT INTO `user` VALUES ('501', 'e50d6', '123', '0', null, '2022-10-19 01:42:53', null);
INSERT INTO `user` VALUES ('502', 'f5216', '123', '0', null, '2022-03-06 16:42:52', null);
INSERT INTO `user` VALUES ('503', '93023', '123', '0', null, '2022-03-09 14:08:29', null);
INSERT INTO `user` VALUES ('504', '2898b', '123', '0', null, '2021-12-31 22:15:39', null);
INSERT INTO `user` VALUES ('505', '119d3', '123', '0', null, '2022-05-09 07:41:01', null);
INSERT INTO `user` VALUES ('506', '300e5', '123', '0', null, '2022-10-24 17:38:34', null);
INSERT INTO `user` VALUES ('507', 'a0df1', '123', '0', null, '2022-07-01 02:03:47', null);
INSERT INTO `user` VALUES ('508', '7b4a1', '123', '0', null, '2022-03-10 00:24:39', null);
INSERT INTO `user` VALUES ('509', 'c90bb', '123', '0', null, '2022-02-10 13:14:26', null);
INSERT INTO `user` VALUES ('510', '5f519', '123', '0', null, '2022-06-26 07:52:18', null);
INSERT INTO `user` VALUES ('511', '0ac28', '123', '0', null, '2022-05-04 06:23:59', null);
INSERT INTO `user` VALUES ('512', '81628', '123', '0', null, '2022-02-23 02:45:02', null);
INSERT INTO `user` VALUES ('513', '2efb2', '123', '0', null, '2022-10-05 18:39:46', null);
INSERT INTO `user` VALUES ('514', '91c44', '123', '0', null, '2022-05-18 17:50:22', null);
INSERT INTO `user` VALUES ('515', '88664', '123', '0', null, '2022-05-16 02:59:11', null);
INSERT INTO `user` VALUES ('516', 'f8320', '123', '0', null, '2022-09-23 16:11:05', null);
INSERT INTO `user` VALUES ('517', 'e1b82', '123', '0', null, '2022-09-07 16:37:57', null);
INSERT INTO `user` VALUES ('518', 'b3050', '123', '0', null, '2022-07-31 02:21:26', null);
INSERT INTO `user` VALUES ('519', 'dc3ed', '123', '0', null, '2022-12-08 15:05:51', null);
INSERT INTO `user` VALUES ('520', '079fd', '123', '0', null, '2022-10-17 01:38:20', null);
INSERT INTO `user` VALUES ('521', 'b16a0', '123', '0', null, '2022-10-03 15:15:34', null);
INSERT INTO `user` VALUES ('522', '90815', '123', '0', null, '2022-05-14 11:11:00', null);
INSERT INTO `user` VALUES ('523', 'd5d3b', '123', '0', null, '2022-03-15 03:08:55', null);
INSERT INTO `user` VALUES ('524', '977bf', '123', '0', null, '2022-07-26 07:10:32', null);
INSERT INTO `user` VALUES ('525', '9b5f3', '123', '0', null, '2022-02-09 11:59:50', null);
INSERT INTO `user` VALUES ('526', '1d7da', '123', '0', null, '2022-12-18 19:22:06', null);
INSERT INTO `user` VALUES ('527', '8217f', '123', '0', null, '2022-08-15 20:01:26', null);
INSERT INTO `user` VALUES ('528', '9d9a5', '123', '0', null, '2022-03-23 14:08:30', null);
INSERT INTO `user` VALUES ('529', '95322', '123', '0', null, '2022-09-04 16:28:31', null);
INSERT INTO `user` VALUES ('530', '0e2e1', '123', '0', null, '2022-01-11 17:45:24', null);
INSERT INTO `user` VALUES ('531', 'a03c8', '123', '0', null, '2022-06-11 21:06:06', null);
INSERT INTO `user` VALUES ('532', '6cc4c', '123', '0', null, '2022-04-28 01:07:17', null);
INSERT INTO `user` VALUES ('533', 'bd31b', '123', '0', null, '2022-03-06 23:23:26', null);
INSERT INTO `user` VALUES ('534', 'ec8ed', '123', '0', null, '2022-07-19 02:19:43', null);
INSERT INTO `user` VALUES ('535', 'd7f8d', '123', '0', null, '2022-12-03 01:43:45', null);
INSERT INTO `user` VALUES ('536', '85ea4', '123', '0', null, '2022-10-19 11:53:55', null);
INSERT INTO `user` VALUES ('537', '9597e', '123', '0', null, '2022-01-12 18:30:44', null);
INSERT INTO `user` VALUES ('538', 'eea7b', '123', '0', null, '2022-05-19 04:38:54', null);
INSERT INTO `user` VALUES ('539', 'e5b15', '123', '0', null, '2022-01-18 17:42:34', null);
INSERT INTO `user` VALUES ('540', '1bd21', '123', '0', null, '2022-07-11 06:38:43', null);
INSERT INTO `user` VALUES ('541', '34f53', '123', '0', null, '2022-09-10 14:52:35', null);
INSERT INTO `user` VALUES ('542', '82229', '123', '0', null, '2022-08-05 06:50:36', null);
INSERT INTO `user` VALUES ('543', 'c4672', '123', '0', null, '2022-02-23 20:08:22', null);
INSERT INTO `user` VALUES ('544', '57828', '123', '0', null, '2022-06-24 09:03:36', null);
INSERT INTO `user` VALUES ('545', 'f6c5a', '123', '0', null, '2022-11-23 14:53:01', null);
INSERT INTO `user` VALUES ('546', '5ad2e', '123', '0', null, '2022-12-01 09:14:54', null);
INSERT INTO `user` VALUES ('547', 'a7c78', '123', '0', null, '2022-07-11 17:46:10', null);
INSERT INTO `user` VALUES ('548', '7d09f', '123', '0', null, '2022-10-19 14:23:11', null);
INSERT INTO `user` VALUES ('549', '088d4', '123', '0', null, '2022-08-21 17:24:55', null);
INSERT INTO `user` VALUES ('550', '03643', '123', '0', null, '2022-01-16 09:24:57', null);
INSERT INTO `user` VALUES ('551', 'bfc51', '123', '0', null, '2022-01-16 22:09:42', null);
INSERT INTO `user` VALUES ('552', 'f2f3b', '123', '0', null, '2022-07-02 00:19:56', null);
INSERT INTO `user` VALUES ('553', 'd5c15', '123', '0', null, '2022-04-03 22:51:36', null);
INSERT INTO `user` VALUES ('554', '58097', '123', '0', null, '2022-05-26 23:20:53', null);
INSERT INTO `user` VALUES ('555', 'f8cf7', '123', '0', null, '2022-06-04 21:52:30', null);
INSERT INTO `user` VALUES ('556', '37fc4', '123', '0', null, '2022-07-27 13:29:44', null);
INSERT INTO `user` VALUES ('557', 'dfe1d', '123', '0', null, '2022-02-17 11:32:21', null);
INSERT INTO `user` VALUES ('558', 'f707f', '123', '0', null, '2022-05-13 01:47:15', null);
INSERT INTO `user` VALUES ('559', '11842', '123', '0', null, '2022-10-28 02:06:34', null);
INSERT INTO `user` VALUES ('560', '50559', '123', '0', null, '2022-07-30 23:59:36', null);
INSERT INTO `user` VALUES ('561', '5e40b', '123', '0', null, '2022-09-04 04:53:17', null);
INSERT INTO `user` VALUES ('562', '21e11', '123', '0', null, '2022-10-04 20:56:04', null);
INSERT INTO `user` VALUES ('563', '3af08', '123', '0', null, '2022-07-02 17:45:46', null);
INSERT INTO `user` VALUES ('564', '93008', '123', '0', null, '2022-10-06 05:05:04', null);
INSERT INTO `user` VALUES ('565', 'c2fb1', '123', '0', null, '2022-03-01 08:44:27', null);
INSERT INTO `user` VALUES ('566', '73424', '123', '0', null, '2022-03-24 00:19:00', null);
INSERT INTO `user` VALUES ('567', '5d460', '123', '0', null, '2022-11-18 23:21:06', null);
INSERT INTO `user` VALUES ('568', '3234f', '123', '0', null, '2022-12-24 08:49:55', null);
INSERT INTO `user` VALUES ('569', '6baec', '123', '0', null, '2022-11-07 05:38:27', null);
INSERT INTO `user` VALUES ('570', 'f684b', '123', '0', null, '2022-06-26 03:41:31', null);
INSERT INTO `user` VALUES ('571', '891b6', '123', '0', null, '2022-08-01 19:22:42', null);
INSERT INTO `user` VALUES ('572', '25c44', '123', '0', null, '2022-11-12 22:57:46', null);
INSERT INTO `user` VALUES ('573', '88e95', '123', '0', null, '2022-05-26 21:53:22', null);
INSERT INTO `user` VALUES ('574', '8ab30', '123', '0', null, '2022-11-03 17:14:12', null);
INSERT INTO `user` VALUES ('575', '70f0f', '123', '0', null, '2022-08-01 10:29:32', null);
INSERT INTO `user` VALUES ('576', '1fc84', '123', '0', null, '2022-08-02 20:13:29', null);
INSERT INTO `user` VALUES ('577', '644c2', '123', '0', null, '2022-01-10 01:50:29', null);
INSERT INTO `user` VALUES ('578', '1023c', '123', '0', null, '2022-03-07 20:57:58', null);
INSERT INTO `user` VALUES ('579', '92709', '123', '0', null, '2022-04-18 21:46:55', null);
INSERT INTO `user` VALUES ('580', 'a62b2', '123', '0', null, '2022-02-05 09:09:54', null);
INSERT INTO `user` VALUES ('581', '6f97e', '123', '0', null, '2022-03-21 02:05:54', null);
INSERT INTO `user` VALUES ('582', 'a30bc', '123', '0', null, '2022-05-03 05:22:56', null);
INSERT INTO `user` VALUES ('583', 'e57be', '123', '0', null, '2022-07-08 11:22:45', null);
INSERT INTO `user` VALUES ('584', 'c37fd', '123', '0', null, '2022-12-05 23:45:55', null);
INSERT INTO `user` VALUES ('585', 'ea320', '123', '0', null, '2022-03-24 13:07:49', null);
INSERT INTO `user` VALUES ('586', 'e49d8', '123', '0', null, '2022-12-02 11:35:10', null);
INSERT INTO `user` VALUES ('587', '87d5f', '123', '0', null, '2022-09-07 05:57:58', null);
INSERT INTO `user` VALUES ('588', 'aa5b9', '123', '0', null, '2022-10-22 09:04:51', null);
INSERT INTO `user` VALUES ('589', 'f0394', '123', '0', null, '2022-05-08 22:50:27', null);
INSERT INTO `user` VALUES ('590', '72499', '123', '0', null, '2022-06-09 16:15:07', null);
INSERT INTO `user` VALUES ('591', 'a4cfa', '123', '0', null, '2022-04-11 07:13:10', null);
INSERT INTO `user` VALUES ('592', '49ecf', '123', '0', null, '2022-05-07 14:54:13', null);
INSERT INTO `user` VALUES ('593', '50529', '123', '0', null, '2022-03-23 02:11:38', null);
INSERT INTO `user` VALUES ('594', '46290', '123', '0', null, '2022-03-01 03:33:02', null);
INSERT INTO `user` VALUES ('595', 'd6559', '123', '0', null, '2022-02-21 23:43:06', null);
INSERT INTO `user` VALUES ('596', '9c474', '123', '0', null, '2022-04-24 10:41:44', null);
INSERT INTO `user` VALUES ('597', 'e4b5f', '123', '0', null, '2022-09-23 13:44:56', null);
INSERT INTO `user` VALUES ('598', 'dfa1b', '123', '0', null, '2022-03-24 20:58:08', null);
INSERT INTO `user` VALUES ('599', '12033', '123', '0', null, '2022-10-10 10:40:24', null);
INSERT INTO `user` VALUES ('600', '5109d', '123', '0', null, '2022-11-15 14:04:21', null);
INSERT INTO `user` VALUES ('601', 'a6ddb', '123', '0', null, '2022-10-17 03:19:17', null);
INSERT INTO `user` VALUES ('602', 'cc1e9', '123', '0', null, '2022-05-05 08:27:07', null);
INSERT INTO `user` VALUES ('603', '0fe5b', '123', '0', null, '2022-05-19 10:41:44', null);
INSERT INTO `user` VALUES ('604', 'f5050', '123', '0', null, '2022-03-31 07:08:56', null);
INSERT INTO `user` VALUES ('605', 'a522c', '123', '0', null, '2022-04-19 15:34:10', null);
INSERT INTO `user` VALUES ('606', '6e92f', '123', '0', null, '2022-07-18 15:28:50', null);
INSERT INTO `user` VALUES ('607', '8d273', '123', '0', null, '2022-10-22 10:00:26', null);
INSERT INTO `user` VALUES ('608', '16ff8', '123', '0', null, '2022-08-13 02:48:56', null);
INSERT INTO `user` VALUES ('609', '48ad1', '123', '0', null, '2022-07-06 11:25:55', null);
INSERT INTO `user` VALUES ('610', '49e29', '123', '0', null, '2022-04-14 23:52:06', null);
INSERT INTO `user` VALUES ('611', '2beb7', '123', '0', null, '2022-11-12 14:36:47', null);
INSERT INTO `user` VALUES ('612', '4f7fb', '123', '0', null, '2022-02-08 14:50:04', null);
INSERT INTO `user` VALUES ('613', 'c256d', '123', '0', null, '2022-03-13 06:20:23', null);
INSERT INTO `user` VALUES ('614', '077c9', '123', '0', null, '2022-11-01 10:56:46', null);
INSERT INTO `user` VALUES ('615', 'f9d64', '123', '0', null, '2022-05-02 06:55:05', null);
INSERT INTO `user` VALUES ('616', '1cf6c', '123', '0', null, '2022-10-30 08:55:53', null);
INSERT INTO `user` VALUES ('617', '677d7', '123', '0', null, '2022-12-18 11:25:58', null);
INSERT INTO `user` VALUES ('618', 'a814c', '123', '0', null, '2022-01-15 16:50:35', null);
INSERT INTO `user` VALUES ('619', '434de', '123', '0', null, '2022-01-15 01:07:26', null);
INSERT INTO `user` VALUES ('620', 'c4f0d', '123', '0', null, '2022-06-02 13:45:57', null);
INSERT INTO `user` VALUES ('621', '5a926', '123', '0', null, '2022-09-28 11:26:09', null);
INSERT INTO `user` VALUES ('622', '97823', '123', '0', null, '2022-07-03 21:23:26', null);
INSERT INTO `user` VALUES ('623', 'cea31', '123', '0', null, '2022-12-24 15:29:55', null);
INSERT INTO `user` VALUES ('624', 'e03e3', '123', '0', null, '2022-04-29 05:57:32', null);
INSERT INTO `user` VALUES ('625', '5b7c0', '123', '0', null, '2022-05-06 21:44:05', null);
INSERT INTO `user` VALUES ('626', '64915', '123', '0', null, '2022-09-23 23:19:41', null);
INSERT INTO `user` VALUES ('627', '4916b', '123', '0', null, '2022-12-05 07:37:14', null);
INSERT INTO `user` VALUES ('628', 'a11f7', '123', '0', null, '2022-04-03 06:50:24', null);
INSERT INTO `user` VALUES ('629', '0b602', '123', '0', null, '2022-06-16 13:22:30', null);
INSERT INTO `user` VALUES ('630', 'c4694', '123', '0', null, '2022-07-12 00:34:06', null);
INSERT INTO `user` VALUES ('631', '382a9', '123', '0', null, '2022-01-08 10:25:26', null);
INSERT INTO `user` VALUES ('632', '1b2ac', '123', '0', null, '2022-08-20 00:56:24', null);
INSERT INTO `user` VALUES ('633', '80341', '123', '0', null, '2022-01-21 20:02:50', null);
INSERT INTO `user` VALUES ('634', '5772d', '123', '0', null, '2022-05-15 12:26:25', null);
INSERT INTO `user` VALUES ('635', '4fa03', '123', '0', null, '2022-08-15 07:56:23', null);
INSERT INTO `user` VALUES ('636', '0fee5', '123', '0', null, '2022-08-16 14:53:46', null);
INSERT INTO `user` VALUES ('637', 'b757c', '123', '0', null, '2022-05-26 19:34:09', null);
INSERT INTO `user` VALUES ('638', 'e0480', '123', '0', null, '2022-01-20 21:44:57', null);
INSERT INTO `user` VALUES ('639', 'e37c9', '123', '0', null, '2022-06-13 21:06:45', null);
INSERT INTO `user` VALUES ('640', '192d3', '123', '0', null, '2022-03-14 13:23:47', null);
INSERT INTO `user` VALUES ('641', 'c30ce', '123', '0', null, '2022-10-09 16:31:21', null);
INSERT INTO `user` VALUES ('642', 'c00a3', '123', '0', null, '2022-02-07 01:21:34', null);
INSERT INTO `user` VALUES ('643', 'b8477', '123', '0', null, '2022-12-13 21:07:36', null);
INSERT INTO `user` VALUES ('644', '3f7de', '123', '0', null, '2022-06-05 05:10:23', null);
INSERT INTO `user` VALUES ('645', '7e2f8', '123', '0', null, '2022-07-25 04:08:52', null);
INSERT INTO `user` VALUES ('646', 'b81c7', '123', '0', null, '2021-12-31 08:15:10', null);
INSERT INTO `user` VALUES ('647', 'a97a4', '123', '0', null, '2022-11-15 23:28:21', null);
INSERT INTO `user` VALUES ('648', 'bf79a', '123', '0', null, '2022-11-21 11:42:08', null);
INSERT INTO `user` VALUES ('649', '20d21', '123', '0', null, '2022-03-14 11:05:38', null);
INSERT INTO `user` VALUES ('650', 'f49ff', '123', '0', null, '2022-10-02 09:27:58', null);
INSERT INTO `user` VALUES ('651', '8976f', '123', '0', null, '2022-09-17 08:00:48', null);
INSERT INTO `user` VALUES ('652', '02732', '123', '0', null, '2022-11-12 19:03:36', null);
INSERT INTO `user` VALUES ('653', '71071', '123', '0', null, '2022-03-26 02:01:11', null);
INSERT INTO `user` VALUES ('654', '0f60e', '123', '0', null, '2022-08-02 10:50:19', null);
INSERT INTO `user` VALUES ('655', '346f2', '123', '0', null, '2022-03-18 19:45:28', null);
INSERT INTO `user` VALUES ('656', 'fceb4', '123', '0', null, '2022-10-04 13:50:57', null);
INSERT INTO `user` VALUES ('657', '935c6', '123', '0', null, '2022-09-19 13:18:58', null);
INSERT INTO `user` VALUES ('658', '22acc', '123', '0', null, '2022-12-05 08:21:46', null);
INSERT INTO `user` VALUES ('659', '19260', '123', '0', null, '2022-05-13 15:03:04', null);
INSERT INTO `user` VALUES ('660', 'c2a97', '123', '0', null, '2022-08-01 18:42:18', null);
INSERT INTO `user` VALUES ('661', 'c5d5f', '123', '0', null, '2022-12-14 03:56:21', null);
INSERT INTO `user` VALUES ('662', '0e64a', '123', '0', null, '2022-01-20 02:30:01', null);
INSERT INTO `user` VALUES ('663', '32e5e', '123', '0', null, '2022-05-17 12:03:07', null);
INSERT INTO `user` VALUES ('664', 'd5d36', '123', '0', null, '2022-10-07 14:29:17', null);
INSERT INTO `user` VALUES ('665', '2b0ce', '123', '0', null, '2022-05-22 22:48:29', null);
INSERT INTO `user` VALUES ('666', '53b48', '123', '0', null, '2022-07-18 14:57:32', null);
INSERT INTO `user` VALUES ('667', '501c0', '123', '0', null, '2022-12-21 06:56:48', null);
INSERT INTO `user` VALUES ('668', '41689', '123', '0', null, '2022-10-09 21:21:28', null);
INSERT INTO `user` VALUES ('669', '56edc', '123', '0', null, '2022-01-26 07:16:46', null);
INSERT INTO `user` VALUES ('670', '447e7', '123', '0', null, '2022-05-02 18:05:24', null);
INSERT INTO `user` VALUES ('671', '93388', '123', '0', null, '2022-10-31 14:11:39', null);
INSERT INTO `user` VALUES ('672', 'a90a3', '123', '0', null, '2022-01-11 10:53:01', null);
INSERT INTO `user` VALUES ('673', '3d287', '123', '0', null, '2022-01-05 07:02:22', null);
INSERT INTO `user` VALUES ('674', '1a742', '123', '0', null, '2022-01-06 11:47:53', null);
INSERT INTO `user` VALUES ('675', '60fdc', '123', '0', null, '2022-03-25 16:48:28', null);
INSERT INTO `user` VALUES ('676', '9e766', '123', '0', null, '2022-04-29 21:10:03', null);
INSERT INTO `user` VALUES ('677', '5a0e6', '123', '0', null, '2022-03-25 10:54:51', null);
INSERT INTO `user` VALUES ('678', '9f080', '123', '0', null, '2022-06-23 16:51:43', null);
INSERT INTO `user` VALUES ('679', 'cf512', '123', '0', null, '2022-02-17 06:09:00', null);
INSERT INTO `user` VALUES ('680', 'e4c4c', '123', '0', null, '2022-03-14 13:05:47', null);
INSERT INTO `user` VALUES ('681', '760a8', '123', '0', null, '2022-09-09 01:28:59', null);
INSERT INTO `user` VALUES ('682', 'd4d7e', '123', '0', null, '2022-06-25 06:18:45', null);
INSERT INTO `user` VALUES ('683', '003b0', '123', '0', null, '2022-01-09 10:35:30', null);
INSERT INTO `user` VALUES ('684', '77883', '123', '0', null, '2022-02-11 00:25:40', null);
INSERT INTO `user` VALUES ('685', '730ff', '123', '0', null, '2022-01-02 08:48:14', null);
INSERT INTO `user` VALUES ('686', 'f87b8', '123', '0', null, '2022-02-04 19:25:39', null);
INSERT INTO `user` VALUES ('687', 'f9a3a', '123', '0', null, '2022-11-04 01:53:16', null);
INSERT INTO `user` VALUES ('688', '1a2b7', '123', '0', null, '2022-05-20 05:01:12', null);
INSERT INTO `user` VALUES ('689', 'e3945', '123', '0', null, '2022-09-17 06:23:35', null);
INSERT INTO `user` VALUES ('690', '24173', '123', '0', null, '2022-04-02 04:17:22', null);
INSERT INTO `user` VALUES ('691', 'de3f0', '123', '0', null, '2022-05-17 23:57:41', null);
INSERT INTO `user` VALUES ('692', '1e9dd', '123', '0', null, '2022-01-01 08:39:47', null);
INSERT INTO `user` VALUES ('693', 'cca93', '123', '0', null, '2022-08-20 20:56:48', null);
INSERT INTO `user` VALUES ('694', 'ce01a', '123', '0', null, '2022-04-11 08:01:17', null);
INSERT INTO `user` VALUES ('695', '97842', '123', '0', null, '2022-07-17 11:53:07', null);
INSERT INTO `user` VALUES ('696', 'afe88', '123', '0', null, '2022-12-14 09:37:43', null);
INSERT INTO `user` VALUES ('697', 'd0217', '123', '0', null, '2022-06-11 03:58:43', null);
INSERT INTO `user` VALUES ('698', '6cf2d', '123', '0', null, '2022-11-10 12:56:10', null);
INSERT INTO `user` VALUES ('699', '3d2b5', '123', '0', null, '2022-07-24 17:58:40', null);
INSERT INTO `user` VALUES ('700', '58441', '123', '0', null, '2022-01-07 09:09:27', null);
INSERT INTO `user` VALUES ('701', '632a3', '123', '0', null, '2022-04-07 12:11:36', null);
INSERT INTO `user` VALUES ('702', '39da1', '123', '0', null, '2022-12-21 05:15:28', null);
INSERT INTO `user` VALUES ('703', 'c0d2d', '123', '0', null, '2022-04-30 14:09:31', null);
INSERT INTO `user` VALUES ('704', '95f8e', '123', '0', null, '2022-07-02 05:41:42', null);
INSERT INTO `user` VALUES ('705', '582c1', '123', '0', null, '2022-09-02 04:46:38', null);
INSERT INTO `user` VALUES ('706', '2b1cc', '123', '0', null, '2022-05-18 15:30:44', null);
INSERT INTO `user` VALUES ('707', '94bb1', '123', '0', null, '2022-03-17 11:44:15', null);
INSERT INTO `user` VALUES ('708', '60204', '123', '0', null, '2022-08-02 11:24:11', null);
INSERT INTO `user` VALUES ('709', '75797', '123', '0', null, '2022-06-04 15:01:26', null);
INSERT INTO `user` VALUES ('710', 'f2389', '123', '0', null, '2022-11-11 14:49:38', null);
INSERT INTO `user` VALUES ('711', 'd72c5', '123', '0', null, '2022-10-12 02:30:03', null);
INSERT INTO `user` VALUES ('712', 'd39c6', '123', '0', null, '2022-03-06 10:04:28', null);
INSERT INTO `user` VALUES ('713', '8b97a', '123', '0', null, '2022-05-06 00:54:31', null);
INSERT INTO `user` VALUES ('714', '22e21', '123', '0', null, '2022-01-14 22:35:43', null);
INSERT INTO `user` VALUES ('715', '38245', '123', '0', null, '2022-08-26 13:08:04', null);
INSERT INTO `user` VALUES ('716', 'af25e', '123', '0', null, '2022-03-27 22:11:53', null);
INSERT INTO `user` VALUES ('717', 'baaae', '123', '0', null, '2022-08-21 15:33:07', null);
INSERT INTO `user` VALUES ('718', '754d3', '123', '0', null, '2022-03-06 23:42:16', null);
INSERT INTO `user` VALUES ('719', '6adee', '123', '0', null, '2022-08-27 22:25:10', null);
INSERT INTO `user` VALUES ('720', 'fcbb1', '123', '0', null, '2022-01-13 20:37:56', null);
INSERT INTO `user` VALUES ('721', '6ab76', '123', '0', null, '2022-09-29 22:14:21', null);
INSERT INTO `user` VALUES ('722', 'f3aa6', '123', '0', null, '2022-01-29 20:51:18', null);
INSERT INTO `user` VALUES ('723', '9d6ff', '123', '0', null, '2022-10-07 04:05:43', null);
INSERT INTO `user` VALUES ('724', 'e8e16', '123', '0', null, '2022-01-23 10:06:48', null);
INSERT INTO `user` VALUES ('725', '0ad68', '123', '0', null, '2022-04-02 11:17:45', null);
INSERT INTO `user` VALUES ('726', '6eb7a', '123', '0', null, '2022-04-25 03:36:16', null);
INSERT INTO `user` VALUES ('727', 'ebb50', '123', '0', null, '2022-10-11 14:49:13', null);
INSERT INTO `user` VALUES ('728', 'cbdc9', '123', '0', null, '2022-03-01 09:08:55', null);
INSERT INTO `user` VALUES ('729', '46f24', '123', '0', null, '2022-02-03 16:26:36', null);
INSERT INTO `user` VALUES ('730', '59b67', '123', '0', null, '2022-05-04 14:05:07', null);
INSERT INTO `user` VALUES ('731', 'd2b25', '123', '0', null, '2022-09-20 23:38:03', null);
INSERT INTO `user` VALUES ('732', '72023', '123', '0', null, '2022-10-30 10:16:49', null);
INSERT INTO `user` VALUES ('733', 'bc134', '123', '0', null, '2022-06-07 06:37:06', null);
INSERT INTO `user` VALUES ('734', 'ff75a', '123', '0', null, '2022-10-12 09:13:31', null);
INSERT INTO `user` VALUES ('735', 'c4bd4', '123', '0', null, '2022-02-15 19:42:54', null);
INSERT INTO `user` VALUES ('736', 'a8150', '123', '0', null, '2022-05-10 03:33:42', null);
INSERT INTO `user` VALUES ('737', '9db22', '123', '0', null, '2022-09-17 10:14:14', null);
INSERT INTO `user` VALUES ('738', '231db', '123', '0', null, '2022-07-04 18:27:10', null);
INSERT INTO `user` VALUES ('739', '65051', '123', '0', null, '2022-04-24 18:28:18', null);
INSERT INTO `user` VALUES ('740', '452e2', '123', '0', null, '2022-06-06 16:53:05', null);
INSERT INTO `user` VALUES ('741', '942be', '123', '0', null, '2022-06-21 10:33:58', null);
INSERT INTO `user` VALUES ('742', '2ba47', '123', '0', null, '2022-03-07 00:47:40', null);
INSERT INTO `user` VALUES ('743', 'f954f', '123', '0', null, '2022-03-12 15:59:59', null);
INSERT INTO `user` VALUES ('744', '38e72', '123', '0', null, '2022-02-25 08:50:50', null);
INSERT INTO `user` VALUES ('745', '52188', '123', '0', null, '2022-03-16 00:05:52', null);
INSERT INTO `user` VALUES ('746', '45281', '123', '0', null, '2022-07-25 18:14:16', null);
INSERT INTO `user` VALUES ('747', 'c40c6', '123', '0', null, '2022-01-22 09:38:10', null);
INSERT INTO `user` VALUES ('748', 'a5609', '123', '0', null, '2022-01-13 18:56:57', null);
INSERT INTO `user` VALUES ('749', '0ac76', '123', '0', null, '2022-03-10 09:18:38', null);
INSERT INTO `user` VALUES ('750', 'bfcde', '123', '0', null, '2022-05-03 06:21:31', null);
INSERT INTO `user` VALUES ('751', '9e36d', '123', '0', null, '2022-10-13 13:01:09', null);
INSERT INTO `user` VALUES ('752', '98d3d', '123', '0', null, '2022-01-23 22:08:12', null);
INSERT INTO `user` VALUES ('753', 'e90c3', '123', '0', null, '2022-02-13 15:25:26', null);
INSERT INTO `user` VALUES ('754', '546bd', '123', '0', null, '2022-10-08 21:49:26', null);
INSERT INTO `user` VALUES ('755', 'f5aef', '123', '0', null, '2022-10-10 11:50:26', null);
INSERT INTO `user` VALUES ('756', '0b69f', '123', '0', null, '2022-12-04 04:33:25', null);
INSERT INTO `user` VALUES ('757', '4ffdb', '123', '0', null, '2022-10-10 04:01:01', null);
INSERT INTO `user` VALUES ('758', 'a0f0f', '123', '0', null, '2022-07-04 11:18:43', null);
INSERT INTO `user` VALUES ('759', '550e1', '123', '0', null, '2022-09-21 10:46:28', null);
INSERT INTO `user` VALUES ('760', '231c3', '123', '0', null, '2022-05-04 06:54:23', null);
INSERT INTO `user` VALUES ('761', 'ced4e', '123', '0', null, '2022-12-16 10:15:06', null);
INSERT INTO `user` VALUES ('762', '95e94', '123', '0', null, '2022-05-28 12:37:42', null);
INSERT INTO `user` VALUES ('763', '98b57', '123', '0', null, '2022-02-06 03:40:23', null);
INSERT INTO `user` VALUES ('764', 'd7f7c', '123', '0', null, '2022-04-08 04:07:55', null);
INSERT INTO `user` VALUES ('765', 'a803e', '123', '0', null, '2022-04-09 21:27:12', null);
INSERT INTO `user` VALUES ('766', 'fdf4a', '123', '0', null, '2022-10-30 10:25:27', null);
INSERT INTO `user` VALUES ('767', 'eefb1', '123', '0', null, '2022-07-14 04:58:53', null);
INSERT INTO `user` VALUES ('768', '3cba2', '123', '0', null, '2022-09-24 00:49:49', null);
INSERT INTO `user` VALUES ('769', '81aa3', '123', '0', null, '2022-03-26 18:56:43', null);
INSERT INTO `user` VALUES ('770', '6abc5', '123', '0', null, '2022-11-11 16:29:17', null);
INSERT INTO `user` VALUES ('771', '6c9b3', '123', '0', null, '2022-07-13 22:46:00', null);
INSERT INTO `user` VALUES ('772', '4061a', '123', '0', null, '2022-05-31 20:10:25', null);
INSERT INTO `user` VALUES ('773', '83193', '123', '0', null, '2022-02-28 10:24:02', null);
INSERT INTO `user` VALUES ('774', '7506c', '123', '0', null, '2022-05-11 16:02:55', null);
INSERT INTO `user` VALUES ('775', 'eebc4', '123', '0', null, '2022-06-24 19:19:20', null);
INSERT INTO `user` VALUES ('776', '3738b', '123', '0', null, '2022-01-04 06:41:01', null);
INSERT INTO `user` VALUES ('777', '6d06c', '123', '0', null, '2022-11-04 01:05:28', null);
INSERT INTO `user` VALUES ('778', 'b2fc0', '123', '0', null, '2022-03-04 08:34:44', null);
INSERT INTO `user` VALUES ('779', 'e6f98', '123', '0', null, '2022-08-28 09:10:57', null);
INSERT INTO `user` VALUES ('780', '33353', '123', '0', null, '2022-02-15 01:15:36', null);
INSERT INTO `user` VALUES ('781', '22b9a', '123', '0', null, '2022-06-09 13:17:44', null);
INSERT INTO `user` VALUES ('782', '5c264', '123', '0', null, '2022-05-05 01:16:33', null);
INSERT INTO `user` VALUES ('783', '90b41', '123', '0', null, '2022-08-08 00:35:07', null);
INSERT INTO `user` VALUES ('784', 'c7f3c', '123', '0', null, '2022-07-02 23:38:24', null);
INSERT INTO `user` VALUES ('785', '96eb7', '123', '0', null, '2022-03-25 11:53:29', null);
INSERT INTO `user` VALUES ('786', '7e944', '123', '0', null, '2022-11-14 13:10:40', null);
INSERT INTO `user` VALUES ('787', '464ea', '123', '0', null, '2022-09-17 23:21:15', null);
INSERT INTO `user` VALUES ('788', 'a60e5', '123', '0', null, '2022-10-27 13:07:47', null);
INSERT INTO `user` VALUES ('789', '8d715', '123', '0', null, '2022-05-10 15:16:41', null);
INSERT INTO `user` VALUES ('790', 'fc2cf', '123', '0', null, '2022-05-26 04:06:55', null);
INSERT INTO `user` VALUES ('791', '13422', '123', '0', null, '2022-06-19 12:41:23', null);
INSERT INTO `user` VALUES ('792', '93d31', '123', '0', null, '2022-05-13 12:04:13', null);
INSERT INTO `user` VALUES ('793', '98ad9', '123', '0', null, '2022-10-17 19:07:43', null);
INSERT INTO `user` VALUES ('794', '7ca8c', '123', '0', null, '2022-01-12 14:48:43', null);
INSERT INTO `user` VALUES ('795', '1d01f', '123', '0', null, '2022-05-31 13:16:09', null);
INSERT INTO `user` VALUES ('796', '35936', '123', '0', null, '2022-09-11 22:48:23', null);
INSERT INTO `user` VALUES ('797', '32257', '123', '0', null, '2022-09-06 01:53:56', null);
INSERT INTO `user` VALUES ('798', 'cc9b7', '123', '0', null, '2022-10-13 22:49:23', null);
INSERT INTO `user` VALUES ('799', 'f7a8d', '123', '0', null, '2022-12-05 08:33:01', null);
INSERT INTO `user` VALUES ('800', 'dbf56', '123', '0', null, '2022-10-01 05:03:03', null);
INSERT INTO `user` VALUES ('801', 'f7951', '123', '0', null, '2022-01-04 19:00:55', null);
INSERT INTO `user` VALUES ('802', '47b71', '123', '0', null, '2022-06-01 03:49:53', null);
INSERT INTO `user` VALUES ('803', '57cdf', '123', '0', null, '2022-12-02 21:39:45', null);
INSERT INTO `user` VALUES ('804', '7f27f', '123', '0', null, '2021-12-31 17:06:16', null);
INSERT INTO `user` VALUES ('805', '720ab', '123', '0', null, '2022-08-18 10:01:18', null);
INSERT INTO `user` VALUES ('806', '3bcc8', '123', '0', null, '2022-03-01 12:28:26', null);
INSERT INTO `user` VALUES ('807', '66f2f', '123', '0', null, '2022-06-14 02:48:38', null);
INSERT INTO `user` VALUES ('808', '55c57', '123', '0', null, '2022-03-22 13:08:06', null);
INSERT INTO `user` VALUES ('809', 'b1674', '123', '0', null, '2022-03-13 08:16:17', null);
INSERT INTO `user` VALUES ('810', '775e5', '123', '0', null, '2022-10-16 14:56:42', null);
INSERT INTO `user` VALUES ('811', '80338', '123', '0', null, '2022-06-29 17:30:44', null);
INSERT INTO `user` VALUES ('812', '4eb33', '123', '0', null, '2022-04-26 06:13:40', null);
INSERT INTO `user` VALUES ('813', 'b690a', '123', '0', null, '2022-08-19 08:43:03', null);
INSERT INTO `user` VALUES ('814', 'a0add', '123', '0', null, '2022-04-28 13:34:59', null);
INSERT INTO `user` VALUES ('815', '8adf8', '123', '0', null, '2022-06-28 11:37:13', null);
INSERT INTO `user` VALUES ('816', '6072e', '123', '0', null, '2022-07-11 02:32:17', null);
INSERT INTO `user` VALUES ('817', 'e2c42', '123', '0', null, '2022-08-31 15:38:30', null);
INSERT INTO `user` VALUES ('818', 'd997a', '123', '0', null, '2022-01-29 10:20:56', null);
INSERT INTO `user` VALUES ('819', '5ac43', '123', '0', null, '2022-06-24 07:51:16', null);
INSERT INTO `user` VALUES ('820', '58ec9', '123', '0', null, '2022-07-14 08:05:56', null);
INSERT INTO `user` VALUES ('821', 'b7433', '123', '0', null, '2022-12-08 11:11:17', null);
INSERT INTO `user` VALUES ('822', 'fdd3d', '123', '0', null, '2022-03-18 19:41:14', null);
INSERT INTO `user` VALUES ('823', 'd0bcc', '123', '0', null, '2022-07-24 09:21:44', null);
INSERT INTO `user` VALUES ('824', '0ad91', '123', '0', null, '2022-11-27 00:41:53', null);
INSERT INTO `user` VALUES ('825', '04fb6', '123', '0', null, '2022-05-10 01:00:22', null);
INSERT INTO `user` VALUES ('826', '2b4ff', '123', '0', null, '2022-08-08 12:50:00', null);
INSERT INTO `user` VALUES ('827', 'a12f4', '123', '0', null, '2022-05-28 18:46:45', null);
INSERT INTO `user` VALUES ('828', '6b60c', '123', '0', null, '2022-05-11 01:18:22', null);
INSERT INTO `user` VALUES ('829', '07539', '123', '0', null, '2022-03-20 23:48:21', null);
INSERT INTO `user` VALUES ('830', 'd7122', '123', '0', null, '2022-12-15 08:33:28', null);
INSERT INTO `user` VALUES ('831', 'c2246', '123', '0', null, '2022-06-15 20:20:51', null);
INSERT INTO `user` VALUES ('832', '5f317', '123', '0', null, '2022-02-03 21:34:52', null);
INSERT INTO `user` VALUES ('833', '3709c', '123', '0', null, '2022-09-07 10:55:05', null);
INSERT INTO `user` VALUES ('834', 'c814f', '123', '0', null, '2022-05-13 13:12:49', null);
INSERT INTO `user` VALUES ('835', 'a76b6', '123', '0', null, '2022-10-19 08:47:53', null);
INSERT INTO `user` VALUES ('836', 'd9c09', '123', '0', null, '2022-02-11 00:14:27', null);
INSERT INTO `user` VALUES ('837', '4378d', '123', '0', null, '2022-12-01 21:23:49', null);
INSERT INTO `user` VALUES ('838', '35b73', '123', '0', null, '2022-09-09 20:22:33', null);
INSERT INTO `user` VALUES ('839', 'f503c', '123', '0', null, '2022-12-16 02:34:03', null);
INSERT INTO `user` VALUES ('840', '3698a', '123', '0', null, '2022-03-06 09:24:10', null);
INSERT INTO `user` VALUES ('841', '12096', '123', '0', null, '2022-09-17 11:32:38', null);
INSERT INTO `user` VALUES ('842', '444fa', '123', '0', null, '2022-02-18 14:42:48', null);
INSERT INTO `user` VALUES ('843', 'b1bcf', '123', '0', null, '2022-02-16 07:39:35', null);
INSERT INTO `user` VALUES ('844', '9a93b', '123', '0', null, '2022-04-11 13:06:53', null);
INSERT INTO `user` VALUES ('845', 'b30ae', '123', '0', null, '2022-03-13 12:14:46', null);
INSERT INTO `user` VALUES ('846', '7f34d', '123', '0', null, '2022-04-22 18:38:32', null);
INSERT INTO `user` VALUES ('847', '089cc', '123', '0', null, '2022-02-28 03:59:26', null);
INSERT INTO `user` VALUES ('848', '4b6d9', '123', '0', null, '2022-04-28 04:02:20', null);
INSERT INTO `user` VALUES ('849', '48017', '123', '0', null, '2022-10-08 16:49:39', null);
INSERT INTO `user` VALUES ('850', '32f28', '123', '0', null, '2022-12-03 19:22:21', null);
INSERT INTO `user` VALUES ('851', '3fce5', '123', '0', null, '2022-10-19 00:38:01', null);
INSERT INTO `user` VALUES ('852', 'e291f', '123', '0', null, '2022-12-23 05:41:14', null);
INSERT INTO `user` VALUES ('853', 'b623a', '123', '0', null, '2022-07-27 06:21:23', null);
INSERT INTO `user` VALUES ('854', 'd1007', '123', '0', null, '2022-01-30 21:35:05', null);
INSERT INTO `user` VALUES ('855', '64935', '123', '0', null, '2022-06-10 16:54:22', null);
INSERT INTO `user` VALUES ('856', '63521', '123', '0', null, '2022-10-10 06:57:14', null);
INSERT INTO `user` VALUES ('857', '3b9c9', '123', '0', null, '2022-12-02 03:58:12', null);
INSERT INTO `user` VALUES ('858', '3a250', '123', '0', null, '2022-09-03 12:50:54', null);
INSERT INTO `user` VALUES ('859', 'ad615', '123', '0', null, '2022-08-15 16:23:12', null);
INSERT INTO `user` VALUES ('860', 'cb15b', '123', '0', null, '2022-11-12 03:42:45', null);
INSERT INTO `user` VALUES ('861', 'd1af8', '123', '0', null, '2022-01-06 19:03:24', null);
INSERT INTO `user` VALUES ('862', '864c7', '123', '0', null, '2022-06-21 16:40:03', null);
INSERT INTO `user` VALUES ('863', '43453', '123', '0', null, '2022-12-15 01:10:28', null);
INSERT INTO `user` VALUES ('864', 'a26d7', '123', '0', null, '2022-02-15 16:18:33', null);
INSERT INTO `user` VALUES ('865', '4a118', '123', '0', null, '2022-10-01 11:18:23', null);
INSERT INTO `user` VALUES ('866', 'b2400', '123', '0', null, '2022-05-03 20:02:26', null);
INSERT INTO `user` VALUES ('867', '15e1d', '123', '0', null, '2022-09-08 15:00:51', null);
INSERT INTO `user` VALUES ('868', '03189', '123', '0', null, '2022-03-16 08:54:22', null);
INSERT INTO `user` VALUES ('869', '18155', '123', '0', null, '2022-09-13 10:05:30', null);
INSERT INTO `user` VALUES ('870', 'd1247', '123', '0', null, '2022-08-30 15:35:06', null);
INSERT INTO `user` VALUES ('871', '3569f', '123', '0', null, '2022-05-31 13:17:35', null);
INSERT INTO `user` VALUES ('872', 'a659c', '123', '0', null, '2022-12-10 16:18:11', null);
INSERT INTO `user` VALUES ('873', '3af4d', '123', '0', null, '2022-06-02 22:07:11', null);
INSERT INTO `user` VALUES ('874', '0b096', '123', '0', null, '2022-07-10 09:32:56', null);
INSERT INTO `user` VALUES ('875', 'f42d6', '123', '0', null, '2022-04-10 06:21:18', null);
INSERT INTO `user` VALUES ('876', 'bcfbe', '123', '0', null, '2022-07-10 10:48:12', null);
INSERT INTO `user` VALUES ('877', '4bc78', '123', '0', null, '2022-08-12 04:04:07', null);
INSERT INTO `user` VALUES ('878', '14df9', '123', '0', null, '2022-01-25 04:04:28', null);
INSERT INTO `user` VALUES ('879', 'a73dc', '123', '0', null, '2022-09-26 16:47:56', null);
INSERT INTO `user` VALUES ('880', '9cdd4', '123', '0', null, '2022-08-14 18:30:43', null);
INSERT INTO `user` VALUES ('881', '8362b', '123', '0', null, '2022-03-31 08:32:05', null);
INSERT INTO `user` VALUES ('882', 'a4616', '123', '0', null, '2022-02-13 19:33:07', null);
INSERT INTO `user` VALUES ('883', '3656b', '123', '0', null, '2022-02-16 06:40:39', null);
INSERT INTO `user` VALUES ('884', '5e11f', '123', '0', null, '2022-05-23 22:54:19', null);
INSERT INTO `user` VALUES ('885', '7f12c', '123', '0', null, '2022-06-07 15:06:22', null);
INSERT INTO `user` VALUES ('886', '32b8a', '123', '0', null, '2022-10-14 08:52:00', null);
INSERT INTO `user` VALUES ('887', 'af5d2', '123', '0', null, '2022-03-22 08:30:57', null);
INSERT INTO `user` VALUES ('888', 'bfb9c', '123', '0', null, '2022-02-17 09:59:59', null);
INSERT INTO `user` VALUES ('889', 'dce5d', '123', '0', null, '2022-07-15 17:21:21', null);
INSERT INTO `user` VALUES ('890', 'f0638', '123', '0', null, '2022-03-11 23:45:40', null);
INSERT INTO `user` VALUES ('891', 'e4697', '123', '0', null, '2022-11-03 07:15:34', null);
INSERT INTO `user` VALUES ('892', '81d13', '123', '0', null, '2022-06-17 20:04:51', null);
INSERT INTO `user` VALUES ('893', 'aec3b', '123', '0', null, '2022-04-01 04:12:10', null);
INSERT INTO `user` VALUES ('894', '775a5', '123', '0', null, '2022-08-09 19:07:42', null);
INSERT INTO `user` VALUES ('895', '97a94', '123', '0', null, '2022-06-11 13:36:42', null);
INSERT INTO `user` VALUES ('896', 'd0888', '123', '0', null, '2022-01-21 14:28:13', null);
INSERT INTO `user` VALUES ('897', '76fd2', '123', '0', null, '2022-02-05 08:25:48', null);
INSERT INTO `user` VALUES ('898', '7767d', '123', '0', null, '2022-05-25 05:56:21', null);
INSERT INTO `user` VALUES ('899', '2d992', '123', '0', null, '2022-10-08 12:58:34', null);
INSERT INTO `user` VALUES ('900', '8a057', '123', '0', null, '2022-04-01 01:05:46', null);
INSERT INTO `user` VALUES ('901', 'ace61', '123', '0', null, '2022-10-12 00:02:27', null);
INSERT INTO `user` VALUES ('902', '47b1d', '123', '0', null, '2022-10-11 14:54:52', null);
INSERT INTO `user` VALUES ('903', 'a06b2', '123', '0', null, '2022-11-27 19:00:33', null);
INSERT INTO `user` VALUES ('904', '46d6d', '123', '0', null, '2022-05-31 10:56:42', null);
INSERT INTO `user` VALUES ('905', '7f698', '123', '0', null, '2022-09-17 12:52:26', null);
INSERT INTO `user` VALUES ('906', '6cca1', '123', '0', null, '2022-12-22 02:05:52', null);
INSERT INTO `user` VALUES ('907', '7a03a', '123', '0', null, '2022-04-19 19:59:46', null);
INSERT INTO `user` VALUES ('908', 'd8b86', '123', '0', null, '2022-11-27 01:02:55', null);
INSERT INTO `user` VALUES ('909', '1cb8b', '123', '0', null, '2022-09-27 07:57:28', null);
INSERT INTO `user` VALUES ('910', '937a0', '123', '0', null, '2022-01-05 21:45:44', null);
INSERT INTO `user` VALUES ('911', '6452c', '123', '0', null, '2022-07-27 05:51:53', null);
INSERT INTO `user` VALUES ('912', '253ba', '123', '0', null, '2022-11-08 11:34:15', null);
INSERT INTO `user` VALUES ('913', 'd1bb4', '123', '0', null, '2022-04-21 23:03:47', null);
INSERT INTO `user` VALUES ('914', '1bb99', '123', '0', null, '2022-02-12 22:03:50', null);
INSERT INTO `user` VALUES ('915', '7c1d8', '123', '0', null, '2022-07-14 19:38:45', null);
INSERT INTO `user` VALUES ('916', '45af9', '123', '0', null, '2022-04-04 06:41:49', null);
INSERT INTO `user` VALUES ('917', 'c1baf', '123', '0', null, '2022-02-06 22:25:49', null);
INSERT INTO `user` VALUES ('918', '31299', '123', '0', null, '2022-08-29 05:54:24', null);
INSERT INTO `user` VALUES ('919', '13a30', '123', '0', null, '2022-10-18 06:21:15', null);
INSERT INTO `user` VALUES ('920', 'a7d16', '123', '0', null, '2022-05-11 19:34:08', null);
INSERT INTO `user` VALUES ('921', 'a3b62', '123', '0', null, '2022-09-09 02:37:15', null);
INSERT INTO `user` VALUES ('922', 'b9231', '123', '0', null, '2022-01-12 17:40:33', null);
INSERT INTO `user` VALUES ('923', '5f3ff', '123', '0', null, '2022-05-22 00:15:25', null);
INSERT INTO `user` VALUES ('924', '640ed', '123', '0', null, '2022-03-13 13:48:07', null);
INSERT INTO `user` VALUES ('925', 'e4b91', '123', '0', null, '2022-04-19 19:55:36', null);
INSERT INTO `user` VALUES ('926', 'd2468', '123', '0', null, '2022-01-02 14:23:18', null);
INSERT INTO `user` VALUES ('927', '4c4c4', '123', '0', null, '2022-05-29 22:02:30', null);
INSERT INTO `user` VALUES ('928', '69c5a', '123', '0', null, '2022-11-10 01:17:43', null);
INSERT INTO `user` VALUES ('929', '4a4b5', '123', '0', null, '2022-11-02 18:14:08', null);
INSERT INTO `user` VALUES ('930', '67c3b', '123', '0', null, '2022-05-10 22:49:11', null);
INSERT INTO `user` VALUES ('931', '005f4', '123', '0', null, '2022-04-06 05:27:27', null);
INSERT INTO `user` VALUES ('932', '24418', '123', '0', null, '2022-10-25 18:18:55', null);
INSERT INTO `user` VALUES ('933', '61a21', '123', '0', null, '2022-05-19 10:52:23', null);
INSERT INTO `user` VALUES ('934', '1a3ab', '123', '0', null, '2022-11-25 17:45:14', null);
INSERT INTO `user` VALUES ('935', '6a38d', '123', '0', null, '2022-12-04 23:28:08', null);
INSERT INTO `user` VALUES ('936', '761dd', '123', '0', null, '2022-08-29 22:07:18', null);
INSERT INTO `user` VALUES ('937', '21ce8', '123', '0', null, '2022-04-24 17:05:41', null);
INSERT INTO `user` VALUES ('938', '14fa8', '123', '0', null, '2022-01-11 05:42:25', null);
INSERT INTO `user` VALUES ('939', '4dc04', '123', '0', null, '2022-09-27 02:34:39', null);
INSERT INTO `user` VALUES ('940', '4028b', '123', '0', null, '2021-12-30 21:36:41', null);
INSERT INTO `user` VALUES ('941', 'b465c', '123', '0', null, '2022-04-06 03:25:17', null);
INSERT INTO `user` VALUES ('942', '9187f', '123', '0', null, '2022-02-05 14:30:18', null);
INSERT INTO `user` VALUES ('943', '80f3b', '123', '0', null, '2022-07-18 04:48:13', null);
INSERT INTO `user` VALUES ('944', 'fb2f1', '123', '0', null, '2022-08-12 08:43:28', null);
INSERT INTO `user` VALUES ('945', '75f44', '123', '0', null, '2022-11-15 02:32:07', null);
INSERT INTO `user` VALUES ('946', '9a6c5', '123', '0', null, '2022-04-02 17:38:58', null);
INSERT INTO `user` VALUES ('947', 'c9579', '123', '0', null, '2022-12-05 00:31:28', null);
INSERT INTO `user` VALUES ('948', '94fee', '123', '0', null, '2022-08-03 19:07:16', null);
INSERT INTO `user` VALUES ('949', '8263d', '123', '0', null, '2022-12-03 22:35:01', null);
INSERT INTO `user` VALUES ('950', 'd08a6', '123', '0', null, '2022-06-16 16:59:48', null);
INSERT INTO `user` VALUES ('951', '612a6', '123', '0', null, '2022-06-02 23:41:15', null);
INSERT INTO `user` VALUES ('952', '2205b', '123', '0', null, '2022-12-11 09:05:26', null);
INSERT INTO `user` VALUES ('953', 'a4a35', '123', '0', null, '2022-05-25 07:32:11', null);
INSERT INTO `user` VALUES ('954', 'bcb9e', '123', '0', null, '2022-01-21 13:22:31', null);
INSERT INTO `user` VALUES ('955', '3eae6', '123', '0', null, '2022-07-09 18:18:16', null);
INSERT INTO `user` VALUES ('956', '9a705', '123', '0', null, '2022-07-18 11:24:30', null);
INSERT INTO `user` VALUES ('957', '861b5', '123', '0', null, '2022-10-09 04:01:11', null);
INSERT INTO `user` VALUES ('958', 'a3965', '123', '0', null, '2022-11-30 21:42:03', null);
INSERT INTO `user` VALUES ('959', '3e6ec', '123', '0', null, '2022-08-20 16:08:15', null);
INSERT INTO `user` VALUES ('960', '845f7', '123', '0', null, '2022-12-01 15:18:24', null);
INSERT INTO `user` VALUES ('961', '5fc3d', '123', '0', null, '2022-11-28 01:35:21', null);
INSERT INTO `user` VALUES ('962', '50e2f', '123', '0', null, '2022-02-26 12:26:11', null);
INSERT INTO `user` VALUES ('963', '2d65c', '123', '0', null, '2022-09-30 05:59:17', null);
INSERT INTO `user` VALUES ('964', 'bcc94', '123', '0', null, '2022-01-03 01:50:45', null);
INSERT INTO `user` VALUES ('965', 'fc8ad', '123', '0', null, '2022-05-08 05:10:41', null);
INSERT INTO `user` VALUES ('966', '66cf6', '123', '0', null, '2022-09-14 09:46:27', null);
INSERT INTO `user` VALUES ('967', '6fea0', '123', '0', null, '2022-05-25 19:06:27', null);
INSERT INTO `user` VALUES ('968', 'f35ee', '123', '0', null, '2022-04-12 11:04:29', null);
INSERT INTO `user` VALUES ('969', '81fe7', '123', '0', null, '2022-10-10 14:27:10', null);
INSERT INTO `user` VALUES ('970', '4262d', '123', '0', null, '2022-06-04 06:56:02', null);
INSERT INTO `user` VALUES ('971', '0cb75', '123', '0', null, '2022-02-16 01:40:00', null);
INSERT INTO `user` VALUES ('972', '76147', '123', '0', null, '2022-08-13 17:15:57', null);
INSERT INTO `user` VALUES ('973', 'a6dfa', '123', '0', null, '2022-10-01 01:02:58', null);
INSERT INTO `user` VALUES ('974', 'caaf6', '123', '0', null, '2022-10-31 08:32:52', null);
INSERT INTO `user` VALUES ('975', '4be50', '123', '0', null, '2022-03-26 08:57:53', null);
INSERT INTO `user` VALUES ('976', '8610e', '123', '0', null, '2022-11-27 21:24:05', null);
INSERT INTO `user` VALUES ('977', 'd934f', '123', '0', null, '2022-05-26 13:56:40', null);
INSERT INTO `user` VALUES ('978', 'c7bf9', '123', '0', null, '2022-06-16 00:19:59', null);
INSERT INTO `user` VALUES ('979', '6dbec', '123', '0', null, '2022-03-04 00:49:39', null);
INSERT INTO `user` VALUES ('980', '2325e', '123', '0', null, '2022-03-04 12:43:38', null);
INSERT INTO `user` VALUES ('981', 'f36c5', '123', '0', null, '2022-10-15 18:22:09', null);
INSERT INTO `user` VALUES ('982', '41d3f', '123', '0', null, '2022-08-31 18:28:22', null);
INSERT INTO `user` VALUES ('983', '70d7f', '123', '0', null, '2022-08-29 17:39:35', null);
INSERT INTO `user` VALUES ('984', '03e3e', '123', '0', null, '2022-09-05 01:16:57', null);
INSERT INTO `user` VALUES ('985', 'a3c67', '123', '0', null, '2022-01-26 09:25:59', null);
INSERT INTO `user` VALUES ('986', 'e0bb5', '123', '0', null, '2022-03-18 23:41:01', null);
INSERT INTO `user` VALUES ('987', 'cdfd9', '123', '0', null, '2022-06-22 05:05:33', null);
INSERT INTO `user` VALUES ('988', 'a81ac', '123', '0', null, '2022-03-19 03:36:16', null);
INSERT INTO `user` VALUES ('989', 'c9ecf', '123', '0', null, '2022-10-21 22:39:19', null);
INSERT INTO `user` VALUES ('990', '32125', '123', '0', null, '2022-08-17 14:00:44', null);
INSERT INTO `user` VALUES ('991', '9196c', '123', '0', null, '2022-10-03 14:20:10', null);
INSERT INTO `user` VALUES ('992', '80eba', '123', '0', null, '2022-11-14 02:16:41', null);
INSERT INTO `user` VALUES ('993', '89cae', '123', '0', null, '2022-11-19 10:15:26', null);
INSERT INTO `user` VALUES ('994', 'ea050', '123', '0', null, '2022-02-20 06:23:08', null);
INSERT INTO `user` VALUES ('995', '1fcae', '123', '0', null, '2022-08-20 05:00:52', null);
INSERT INTO `user` VALUES ('996', '3ac95', '123', '0', null, '2021-12-30 13:48:23', null);
INSERT INTO `user` VALUES ('997', '5c35b', '123', '0', null, '2022-03-12 01:11:22', null);
INSERT INTO `user` VALUES ('998', '74eff', '123', '0', null, '2022-10-09 18:20:33', null);
INSERT INTO `user` VALUES ('999', '5886e', '123', '0', null, '2022-03-03 01:48:22', null);
INSERT INTO `user` VALUES ('1000', 'c42d5', '123', '0', null, '2022-03-24 13:14:01', null);
INSERT INTO `user` VALUES ('1001', '88903', '123', '0', null, '2022-11-13 19:11:13', null);
INSERT INTO `user` VALUES ('1002', '8b455', '123', '0', null, '2022-09-12 05:26:58', null);
INSERT INTO `user` VALUES ('1003', 'dc464', '123', '0', null, '2022-07-17 02:51:31', null);
INSERT INTO `user` VALUES ('1004', '2bfcb', '123', '0', null, '2022-02-05 05:16:11', null);
INSERT INTO `user` VALUES ('1005', '7abad', '123', '0', null, '2022-12-20 02:23:47', null);
INSERT INTO `user` VALUES ('1006', '36a69', '123', '0', null, '2022-10-17 22:06:23', null);
INSERT INTO `user` VALUES ('1007', '10e30', '123', '0', null, '2022-07-08 14:27:10', null);
INSERT INTO `user` VALUES ('1008', 'e7acf', '123', '0', null, '2022-09-30 03:38:57', null);
INSERT INTO `user` VALUES ('1009', 'b3674', '123', '0', null, '2022-09-09 11:15:29', null);
INSERT INTO `user` VALUES ('1010', 'cd3a9', '123', '0', null, '2022-07-06 13:03:45', null);
INSERT INTO `user` VALUES ('1011', '23493', '123', '0', null, '2022-08-08 02:51:55', null);
INSERT INTO `user` VALUES ('1012', '03080', '123', '0', null, '2022-12-09 08:52:43', null);
INSERT INTO `user` VALUES ('1013', '1356e', '123', '0', null, '2022-08-19 22:54:27', null);
INSERT INTO `user` VALUES ('1014', '8bc0c', '123', '0', null, '2022-09-02 19:20:03', null);
INSERT INTO `user` VALUES ('1015', 'f0227', '123', '0', null, '2022-03-12 17:11:04', null);
INSERT INTO `user` VALUES ('1016', '1cbfd', '123', '0', null, '2022-08-27 08:29:44', null);
INSERT INTO `user` VALUES ('1017', '60960', '123', '0', null, '2022-11-07 06:45:29', null);
INSERT INTO `user` VALUES ('1018', 'b883b', '123', '0', null, '2022-06-18 03:56:33', null);
INSERT INTO `user` VALUES ('1019', '81384', '123', '0', null, '2022-03-02 14:05:15', null);
INSERT INTO `user` VALUES ('1020', 'f8944', '123', '0', null, '2022-01-16 16:10:47', null);
INSERT INTO `user` VALUES ('1021', '5c326', '123', '0', null, '2022-05-11 12:37:48', null);
INSERT INTO `user` VALUES ('1022', '90250', '123', '0', null, '2022-07-16 22:21:12', null);
INSERT INTO `user` VALUES ('1023', '27291', '123', '0', null, '2022-03-06 23:02:39', null);
INSERT INTO `user` VALUES ('1024', '94b45', '123', '0', null, '2022-07-19 20:39:31', null);
INSERT INTO `user` VALUES ('1025', 'b3811', '123', '0', null, '2022-12-17 17:07:09', null);
INSERT INTO `user` VALUES ('1026', 'ff878', '123', '0', null, '2022-07-22 19:20:17', null);
INSERT INTO `user` VALUES ('1027', 'e6f50', '123', '0', null, '2022-12-21 21:21:01', null);
INSERT INTO `user` VALUES ('1028', '97c78', '123', '0', null, '2022-09-13 15:36:49', null);
INSERT INTO `user` VALUES ('1029', 'bcf15', '123', '0', null, '2022-08-30 08:30:30', null);
INSERT INTO `user` VALUES ('1030', '2f3bc', '123', '0', null, '2022-05-23 21:08:18', null);
INSERT INTO `user` VALUES ('1031', '1e395', '123', '0', null, '2022-07-20 13:03:18', null);
INSERT INTO `user` VALUES ('1032', '1e177', '123', '0', null, '2022-01-23 09:48:05', null);
INSERT INTO `user` VALUES ('1033', '4df80', '123', '0', null, '2022-03-20 20:44:05', null);
INSERT INTO `user` VALUES ('1034', 'e01e0', '123', '0', null, '2022-08-23 17:44:41', null);
INSERT INTO `user` VALUES ('1035', 'dda88', '123', '0', null, '2022-06-18 06:32:27', null);
INSERT INTO `user` VALUES ('1036', 'bcf68', '123', '0', null, '2022-01-23 12:34:33', null);
INSERT INTO `user` VALUES ('1037', '24575', '123', '0', null, '2022-01-12 12:04:30', null);
INSERT INTO `user` VALUES ('1038', 'c0dd6', '123', '0', null, '2022-02-03 20:14:43', null);
INSERT INTO `user` VALUES ('1039', 'c579d', '123', '0', null, '2022-07-17 11:59:00', null);
INSERT INTO `user` VALUES ('1040', '980af', '123', '0', null, '2022-08-14 21:28:46', null);
INSERT INTO `user` VALUES ('1041', '67962', '123', '0', null, '2022-01-13 12:15:39', null);
INSERT INTO `user` VALUES ('1042', '9c127', '123', '0', null, '2022-01-23 15:38:24', null);
INSERT INTO `user` VALUES ('1043', '0346f', '123', '0', null, '2022-12-02 18:48:47', null);
INSERT INTO `user` VALUES ('1044', '56d1b', '123', '0', null, '2022-03-16 00:41:16', null);
INSERT INTO `user` VALUES ('1045', '5d666', '123', '0', null, '2022-07-22 11:45:18', null);
INSERT INTO `user` VALUES ('1046', '95e8d', '123', '0', null, '2022-11-16 01:09:13', null);
INSERT INTO `user` VALUES ('1047', 'e7b72', '123', '0', null, '2022-10-25 12:07:37', null);
INSERT INTO `user` VALUES ('1048', '3de79', '123', '0', null, '2022-10-07 04:01:45', null);
INSERT INTO `user` VALUES ('1049', '3bf9f', '123', '0', null, '2022-05-05 15:24:38', null);
INSERT INTO `user` VALUES ('1050', '4129e', '123', '0', null, '2022-08-22 16:32:35', null);
INSERT INTO `user` VALUES ('1051', '50c13', '123', '0', null, '2022-04-07 07:37:18', null);
INSERT INTO `user` VALUES ('1052', 'e10b1', '123', '0', null, '2022-04-15 19:55:25', null);
INSERT INTO `user` VALUES ('1053', '6128e', '123', '0', null, '2022-03-04 21:57:29', null);
INSERT INTO `user` VALUES ('1054', '54f49', '123', '0', null, '2022-09-27 21:53:35', null);
INSERT INTO `user` VALUES ('1055', 'a0ee9', '123', '0', null, '2022-09-18 02:20:40', null);
INSERT INTO `user` VALUES ('1056', '8d2e7', '123', '0', null, '2022-01-11 15:30:39', null);
INSERT INTO `user` VALUES ('1057', '2c28f', '123', '0', null, '2022-02-09 09:36:22', null);
INSERT INTO `user` VALUES ('1058', '36d15', '123', '0', null, '2022-11-07 18:55:05', null);
INSERT INTO `user` VALUES ('1059', 'b50f8', '123', '0', null, '2022-06-18 08:59:22', null);
INSERT INTO `user` VALUES ('1060', '36363', '123', '0', null, '2022-03-02 00:32:19', null);
INSERT INTO `user` VALUES ('1061', 'e31c0', '123', '0', null, '2022-01-04 01:19:41', null);
INSERT INTO `user` VALUES ('1062', '0ae45', '123', '0', null, '2022-09-13 20:23:11', null);
INSERT INTO `user` VALUES ('1063', 'ddbbe', '123', '0', null, '2022-06-21 15:23:31', null);
INSERT INTO `user` VALUES ('1064', '56722', '123', '0', null, '2022-09-14 12:58:18', null);
INSERT INTO `user` VALUES ('1065', 'd2b9d', '123', '0', null, '2022-04-18 11:56:13', null);
INSERT INTO `user` VALUES ('1066', '32ade', '123', '0', null, '2022-04-22 14:03:22', null);
INSERT INTO `user` VALUES ('1067', 'a7150', '123', '0', null, '2022-04-01 15:38:11', null);
INSERT INTO `user` VALUES ('1068', '91f3c', '123', '0', null, '2022-01-17 02:35:16', null);
INSERT INTO `user` VALUES ('1069', '13826', '123', '0', null, '2022-08-17 04:26:23', null);
INSERT INTO `user` VALUES ('1070', 'ed08f', '123', '0', null, '2022-09-06 13:04:08', null);
INSERT INTO `user` VALUES ('1071', '8ab45', '123', '0', null, '2022-06-16 16:20:59', null);
INSERT INTO `user` VALUES ('1072', '0bce7', '123', '0', null, '2022-08-17 01:01:31', null);
INSERT INTO `user` VALUES ('1073', '1fda6', '123', '0', null, '2022-11-27 16:20:08', null);
INSERT INTO `user` VALUES ('1074', '7e137', '123', '0', null, '2022-10-16 13:09:00', null);
INSERT INTO `user` VALUES ('1075', '21ef1', '123', '0', null, '2022-01-05 06:49:44', null);
INSERT INTO `user` VALUES ('1076', '31558', '123', '0', null, '2022-01-23 11:24:06', null);
INSERT INTO `user` VALUES ('1077', '31d56', '123', '0', null, '2022-02-16 11:10:28', null);
INSERT INTO `user` VALUES ('1078', '39f24', '123', '0', null, '2022-12-05 13:42:03', null);
INSERT INTO `user` VALUES ('1079', 'c5c6b', '123', '0', null, '2022-09-30 15:44:56', null);
INSERT INTO `user` VALUES ('1080', 'fc0e8', '123', '0', null, '2022-12-18 07:55:12', null);
INSERT INTO `user` VALUES ('1081', 'aeb71', '123', '0', null, '2022-10-07 08:44:33', null);
INSERT INTO `user` VALUES ('1082', '6e2ac', '123', '0', null, '2022-01-04 22:49:45', null);
INSERT INTO `user` VALUES ('1083', 'd8de4', '123', '0', null, '2022-04-09 19:04:12', null);
INSERT INTO `user` VALUES ('1084', '3dfcb', '123', '0', null, '2022-03-01 12:52:04', null);
INSERT INTO `user` VALUES ('1085', '34bcb', '123', '0', null, '2022-09-18 00:51:38', null);
INSERT INTO `user` VALUES ('1086', 'f96a7', '123', '0', null, '2022-04-13 20:32:23', null);
INSERT INTO `user` VALUES ('1087', '603fc', '123', '0', null, '2022-12-18 22:30:46', null);
INSERT INTO `user` VALUES ('1088', 'ba5ff', '123', '0', null, '2022-01-20 02:53:07', null);
INSERT INTO `user` VALUES ('1089', '25dfe', '123', '0', null, '2022-04-04 20:12:23', null);
INSERT INTO `user` VALUES ('1090', '76ad7', '123', '0', null, '2022-07-08 21:57:18', null);
INSERT INTO `user` VALUES ('1091', '34c67', '123', '0', null, '2022-08-31 19:17:12', null);
INSERT INTO `user` VALUES ('1092', '94cf8', '123', '0', null, '2022-02-21 00:51:18', null);
INSERT INTO `user` VALUES ('1093', 'f54c1', '123', '0', null, '2022-08-31 10:39:57', null);
INSERT INTO `user` VALUES ('1094', '05759', '123', '0', null, '2022-07-25 02:57:19', null);
INSERT INTO `user` VALUES ('1095', '33bd3', '123', '0', null, '2022-10-21 08:09:39', null);
INSERT INTO `user` VALUES ('1096', 'd9fc4', '123', '0', null, '2022-05-26 08:27:33', null);
INSERT INTO `user` VALUES ('1097', '0141a', '123', '0', null, '2022-05-20 15:16:48', null);
INSERT INTO `user` VALUES ('1098', '4d62f', '123', '0', null, '2022-10-10 22:11:18', null);
INSERT INTO `user` VALUES ('1099', '9cd45', '123', '0', null, '2022-06-26 20:03:40', null);
INSERT INTO `user` VALUES ('1100', '14bbc', '123', '0', null, '2022-04-22 13:28:07', null);
INSERT INTO `user` VALUES ('1101', '6eeec', '123', '0', null, '2022-07-06 03:21:05', null);
INSERT INTO `user` VALUES ('1102', '2c9e3', '123', '0', null, '2022-01-31 14:27:47', null);
INSERT INTO `user` VALUES ('1103', '0b265', '123', '0', null, '2022-01-05 04:38:00', null);
INSERT INTO `user` VALUES ('1104', 'ee0ea', '123', '0', null, '2022-07-02 05:52:14', null);
INSERT INTO `user` VALUES ('1105', 'b6570', '123', '0', null, '2022-07-22 21:50:30', null);
INSERT INTO `user` VALUES ('1106', '22114', '123', '0', null, '2022-03-15 02:09:28', null);
INSERT INTO `user` VALUES ('1107', 'acb45', '123', '0', null, '2022-10-28 12:25:17', null);
INSERT INTO `user` VALUES ('1108', '40f80', '123', '0', null, '2022-01-31 00:35:20', null);
INSERT INTO `user` VALUES ('1109', 'bf3cb', '123', '0', null, '2022-02-13 19:23:53', null);
INSERT INTO `user` VALUES ('1110', '75ed9', '123', '0', null, '2022-08-09 03:15:47', null);
INSERT INTO `user` VALUES ('1111', '13743', '123', '0', null, '2022-07-26 07:25:06', null);
INSERT INTO `user` VALUES ('1112', '70cb4', '123', '0', null, '2022-06-06 15:35:00', null);
INSERT INTO `user` VALUES ('1113', 'fb288', '123', '0', null, '2022-02-27 13:19:00', null);
INSERT INTO `user` VALUES ('1114', '72aac', '123', '0', null, '2022-03-03 16:46:05', null);
INSERT INTO `user` VALUES ('1115', '0dfd9', '123', '0', null, '2022-11-09 06:44:46', null);
INSERT INTO `user` VALUES ('1116', '3c592', '123', '0', null, '2022-12-23 01:15:51', null);
INSERT INTO `user` VALUES ('1117', '63355', '123', '0', null, '2022-01-13 11:18:24', null);
INSERT INTO `user` VALUES ('1118', '22814', '123', '0', null, '2022-10-18 11:26:55', null);
INSERT INTO `user` VALUES ('1119', '0c608', '123', '0', null, '2022-01-25 19:46:03', null);
INSERT INTO `user` VALUES ('1120', 'd0cc4', '123', '0', null, '2022-02-05 08:32:43', null);
INSERT INTO `user` VALUES ('1121', 'c4aec', '123', '0', null, '2022-04-17 08:27:11', null);
INSERT INTO `user` VALUES ('1122', '11ae3', '123', '0', null, '2022-10-08 11:42:04', null);
INSERT INTO `user` VALUES ('1123', '35434', '123', '0', null, '2022-03-12 02:14:38', null);
INSERT INTO `user` VALUES ('1124', '18e7e', '123', '0', null, '2022-09-23 09:19:36', null);
INSERT INTO `user` VALUES ('1125', '5d6ab', '123', '0', null, '2022-04-20 13:00:36', null);
INSERT INTO `user` VALUES ('1126', 'f9cb9', '123', '0', null, '2022-03-12 19:15:12', null);
INSERT INTO `user` VALUES ('1127', '4a666', '123', '0', null, '2022-01-18 08:43:18', null);
INSERT INTO `user` VALUES ('1128', '2fb44', '123', '0', null, '2022-03-12 16:26:03', null);
INSERT INTO `user` VALUES ('1129', '432a3', '123', '0', null, '2022-05-05 17:45:11', null);
INSERT INTO `user` VALUES ('1130', '77330', '123', '0', null, '2022-11-08 21:24:18', null);
INSERT INTO `user` VALUES ('1131', 'd9077', '123', '0', null, '2022-05-22 06:55:04', null);
INSERT INTO `user` VALUES ('1132', 'fa7cc', '123', '0', null, '2022-09-13 10:47:28', null);
INSERT INTO `user` VALUES ('1133', '3833e', '123', '0', null, '2021-12-31 22:46:33', null);
INSERT INTO `user` VALUES ('1134', '024a4', '123', '0', null, '2022-08-26 23:37:09', null);
INSERT INTO `user` VALUES ('1135', '7ea9f', '123', '0', null, '2022-08-09 03:47:06', null);
INSERT INTO `user` VALUES ('1136', '3d12f', '123', '0', null, '2022-09-17 03:20:29', null);
INSERT INTO `user` VALUES ('1137', '96f9d', '123', '0', null, '2022-03-22 05:25:20', null);
INSERT INTO `user` VALUES ('1138', '6dc0d', '123', '0', null, '2022-10-18 00:57:10', null);
INSERT INTO `user` VALUES ('1139', 'e2f30', '123', '0', null, '2022-05-07 17:18:04', null);
INSERT INTO `user` VALUES ('1140', 'bf56f', '123', '0', null, '2022-06-25 08:08:57', null);
INSERT INTO `user` VALUES ('1141', '8c43e', '123', '0', null, '2022-02-18 23:07:37', null);
INSERT INTO `user` VALUES ('1142', '1dc98', '123', '0', null, '2022-04-01 06:04:03', null);
INSERT INTO `user` VALUES ('1143', '9a2cd', '123', '0', null, '2022-08-01 03:08:30', null);
INSERT INTO `user` VALUES ('1144', '75ca2', '123', '0', null, '2022-12-23 05:05:15', null);
INSERT INTO `user` VALUES ('1145', '46a4e', '123', '0', null, '2022-07-16 20:23:25', null);
INSERT INTO `user` VALUES ('1146', 'f385a', '123', '0', null, '2022-07-12 05:37:37', null);
INSERT INTO `user` VALUES ('1147', '89a2e', '123', '0', null, '2022-04-09 19:24:02', null);
INSERT INTO `user` VALUES ('1148', 'cf27e', '123', '0', null, '2022-06-15 05:58:15', null);
INSERT INTO `user` VALUES ('1149', '0c875', '123', '0', null, '2022-04-19 10:50:27', null);
INSERT INTO `user` VALUES ('1150', '0c2c9', '123', '0', null, '2022-08-20 08:14:29', null);
INSERT INTO `user` VALUES ('1151', '2e14f', '123', '0', null, '2022-07-17 11:01:06', null);
INSERT INTO `user` VALUES ('1152', '17a08', '123', '0', null, '2022-09-05 15:10:40', null);
INSERT INTO `user` VALUES ('1153', '15ea6', '123', '0', null, '2022-03-07 21:12:50', null);
INSERT INTO `user` VALUES ('1154', 'b961c', '123', '0', null, '2022-05-02 02:27:54', null);
INSERT INTO `user` VALUES ('1155', '9815b', '123', '0', null, '2022-10-13 23:54:49', null);
INSERT INTO `user` VALUES ('1156', '89920', '123', '0', null, '2022-02-12 00:10:19', null);
INSERT INTO `user` VALUES ('1157', 'fb697', '123', '0', null, '2022-02-12 04:02:53', null);
INSERT INTO `user` VALUES ('1158', '2e5b6', '123', '0', null, '2022-03-23 03:21:54', null);
INSERT INTO `user` VALUES ('1159', '85fd2', '123', '0', null, '2022-04-11 03:30:10', null);
INSERT INTO `user` VALUES ('1160', 'bbe7c', '123', '0', null, '2022-04-21 12:16:18', null);
INSERT INTO `user` VALUES ('1161', '0b08c', '123', '0', null, '2022-05-17 09:38:03', null);
INSERT INTO `user` VALUES ('1162', '50271', '123', '0', null, '2022-06-25 00:36:29', null);
INSERT INTO `user` VALUES ('1163', 'b8850', '123', '0', null, '2022-11-12 20:50:42', null);
INSERT INTO `user` VALUES ('1164', '65584', '123', '0', null, '2022-05-05 06:34:56', null);
INSERT INTO `user` VALUES ('1165', 'cd31d', '123', '0', null, '2022-09-14 09:27:34', null);
INSERT INTO `user` VALUES ('1166', 'e60b0', '123', '0', null, '2022-06-21 00:29:26', null);
INSERT INTO `user` VALUES ('1167', '7d7af', '123', '0', null, '2022-08-28 20:11:11', null);
INSERT INTO `user` VALUES ('1168', '30d2a', '123', '0', null, '2022-06-05 19:07:47', null);
INSERT INTO `user` VALUES ('1169', 'f00d0', '123', '0', null, '2022-04-10 13:47:16', null);
INSERT INTO `user` VALUES ('1170', '34414', '123', '0', null, '2022-05-28 17:48:13', null);
INSERT INTO `user` VALUES ('1171', 'f531e', '123', '0', null, '2022-05-09 22:10:44', null);
INSERT INTO `user` VALUES ('1172', '31eaf', '123', '0', null, '2022-02-27 21:10:06', null);
INSERT INTO `user` VALUES ('1173', '8a0da', '123', '0', null, '2022-11-14 10:35:28', null);
INSERT INTO `user` VALUES ('1174', '5b4a7', '123', '0', null, '2022-05-09 10:42:58', null);
INSERT INTO `user` VALUES ('1175', 'b0baa', '123', '0', null, '2022-11-18 12:17:12', null);
INSERT INTO `user` VALUES ('1176', 'ff915', '123', '0', null, '2022-10-18 17:00:10', null);
INSERT INTO `user` VALUES ('1177', '98adb', '123', '0', null, '2022-05-08 20:28:29', null);
INSERT INTO `user` VALUES ('1178', '5f169', '123', '0', null, '2022-07-10 19:59:46', null);
INSERT INTO `user` VALUES ('1179', '24abb', '123', '0', null, '2022-11-30 03:39:16', null);
INSERT INTO `user` VALUES ('1180', '3962c', '123', '0', null, '2022-11-07 09:28:21', null);
INSERT INTO `user` VALUES ('1181', 'd5c74', '123', '0', null, '2022-02-07 03:05:19', null);
INSERT INTO `user` VALUES ('1182', 'bff53', '123', '0', null, '2022-03-31 21:25:58', null);
INSERT INTO `user` VALUES ('1183', 'a19cb', '123', '0', null, '2022-11-08 19:25:31', null);
INSERT INTO `user` VALUES ('1184', '4dcba', '123', '0', null, '2022-04-04 08:11:12', null);
INSERT INTO `user` VALUES ('1185', '3c258', '123', '0', null, '2022-03-07 04:43:08', null);
INSERT INTO `user` VALUES ('1186', '21c03', '123', '0', null, '2022-02-26 15:58:59', null);
INSERT INTO `user` VALUES ('1187', '28657', '123', '0', null, '2022-05-28 21:12:38', null);
INSERT INTO `user` VALUES ('1188', '77a5e', '123', '0', null, '2022-06-07 19:09:05', null);
INSERT INTO `user` VALUES ('1189', '041cc', '123', '0', null, '2022-09-03 04:58:58', null);
INSERT INTO `user` VALUES ('1190', '4fc2d', '123', '0', null, '2022-01-17 18:18:44', null);
INSERT INTO `user` VALUES ('1191', '6fd98', '123', '0', null, '2022-10-17 15:05:20', null);
INSERT INTO `user` VALUES ('1192', '7bf4a', '123', '0', null, '2022-11-27 01:52:47', null);
INSERT INTO `user` VALUES ('1193', '1f6cb', '123', '0', null, '2022-03-24 19:54:57', null);
INSERT INTO `user` VALUES ('1194', '5e58e', '123', '0', null, '2022-03-03 01:28:58', null);
INSERT INTO `user` VALUES ('1195', '37e12', '123', '0', null, '2022-03-14 16:55:49', null);
INSERT INTO `user` VALUES ('1196', '72067', '123', '0', null, '2022-05-10 20:19:58', null);
INSERT INTO `user` VALUES ('1204', '兜风狗', 'ICy5YqxZB1uWSwcVLSNLcA==', '0', 'https://gimg2.baidu.com/image_search/src=http%3A%2F%2Fb-ssl.duitang.com%2Fuploads%2Fitem%2F201703%2F25%2F20170325213153_SJTKf.jpeg&refer=htt', '2022-05-10 23:43:19', null);
INSERT INTO `user` VALUES ('1205', '唐泰斯', 'xf4liW5J3f6ZbbdQjPAFNA==', '0', 'https://gimg2.baidu.com/image_search/src=http%3A%2F%2Fimg.huabbao.cn%2Fcase%2F20200427%2F5ea68da3e7a9a.jpg%21th_2000&refer=http%3A%2F%2Fimg.huabbao.cn&app=2002&size=f9999,10000&q=a80&n=0&g=0n&fmt=auto?sec=1654790843&t=7dfeedbed44c149172e1d6bccac63cf9', '2022-05-10 23:52:53', null);
INSERT INTO `user` VALUES ('1206', '符华', '+uCyfEUccohnpWfowbtOUw==', '0', 'https://pic.imgdb.cn/item/627a8bb909475431299b1f32.jpg', '2022-05-10 23:59:44', null);
INSERT INTO `user` VALUES ('1207', '不吃鱼', 'ICy5YqxZB1uWSwcVLSNLcA==', '0', 'https://pic.imgdb.cn/item/624d819e239250f7c5fd5efa.png', '2022-05-11 00:01:48', null);
INSERT INTO `user` VALUES ('1208', '洛雨萧萧', 'ICy5YqxZB1uWSwcVLSNLcA==', '0', 'https://pic.imgdb.cn/item/624d7a4c239250f7c5ed39ac.png', '2022-05-11 00:05:35', null);
INSERT INTO `user` VALUES ('1209', '星月永相随', 'ICy5YqxZB1uWSwcVLSNLcA==', '982406', 'https://pic.imgdb.cn/item/6263fbb1239250f7c52381cf.jpg', '2022-05-15 23:26:17', null);

-- ----------------------------
-- Procedure structure for rand_user
-- ----------------------------
DROP PROCEDURE IF EXISTS `rand_user`;
DELIMITER ;;
CREATE DEFINER=`root`@`localhost` PROCEDURE `rand_user`()
BEGIN

	#Routine body goes here...

	# 循环生成用户
	# 随机用户名		substring (md5(rand(), l, 5);
	# 随机注册时间 DATE_ADD ('2022-03-28 00:00:00', INTERVAL FLOOR(1 + (RAND() * 3600*24*30))SECOND ));
	# 密码 123
	
	# 定义变量
	DECLARE i INT DEFAULT 0;
	
	#while循环
	WHILE i <1000 DO
		set i =i+1;

		#插入数据
		insert into `user`(username, `password`, regtime)
		value( substring(md5(rand()), 1, 5),
					'123',
					DATE_ADD('2021-12-30 00:00:00', INTERVAL FLOOR(1 + (RAND() * 3600*24*30*12)) SECOND));
		END WHILE;

END
;;
DELIMITER ;
